-- phpMyAdmin SQL Dump
-- version 5.2.2
-- https://www.phpmyadmin.net/
--
-- Host: localhost:3306
-- Generation Time: Jul 21, 2025 at 05:30 PM
-- Server version: 10.6.22-MariaDB-cll-lve
-- PHP Version: 8.3.23

SET SQL_MODE = "NO_AUTO_VALUE_ON_ZERO";
START TRANSACTION;
SET time_zone = "+00:00";


/*!40101 SET @OLD_CHARACTER_SET_CLIENT=@@CHARACTER_SET_CLIENT */;
/*!40101 SET @OLD_CHARACTER_SET_RESULTS=@@CHARACTER_SET_RESULTS */;
/*!40101 SET @OLD_COLLATION_CONNECTION=@@COLLATION_CONNECTION */;
/*!40101 SET NAMES utf8mb4 */;

--
-- Database: `blah3561_sis_db`
--

-- --------------------------------------------------------

--
-- Table structure for table `attachment`
--

CREATE TABLE `attachment` (
  `id` bigint(20) UNSIGNED NOT NULL,
  `user_id` int(11) NOT NULL,
  `type` int(11) NOT NULL DEFAULT 1,
  `title` varchar(255) DEFAULT NULL,
  `document` varchar(255) DEFAULT NULL,
  `link` varchar(255) DEFAULT NULL,
  `deleted_at` timestamp NULL DEFAULT NULL,
  `created_at` timestamp NULL DEFAULT NULL,
  `updated_at` timestamp NULL DEFAULT NULL
) ENGINE=InnoDB DEFAULT CHARSET=utf8mb4 COLLATE=utf8mb4_unicode_ci;

-- --------------------------------------------------------

--
-- Table structure for table `billboard`
--

CREATE TABLE `billboard` (
  `id` bigint(20) UNSIGNED NOT NULL,
  `type` int(11) NOT NULL DEFAULT 1,
  `image` varchar(255) DEFAULT NULL,
  `title` varchar(255) DEFAULT NULL,
  `text` varchar(255) DEFAULT NULL,
  `deleted_at` timestamp NULL DEFAULT NULL,
  `created_at` timestamp NULL DEFAULT NULL,
  `updated_at` timestamp NULL DEFAULT NULL
) ENGINE=InnoDB DEFAULT CHARSET=utf8mb4 COLLATE=utf8mb4_unicode_ci;

--
-- Dumping data for table `billboard`
--

INSERT INTO `billboard` (`id`, `type`, `image`, `title`, `text`, `deleted_at`, `created_at`, `updated_at`) VALUES
(1, 3, 'visi.png', 'Visi ', 'Memberikan pengalaman berwirausaha yang mengedepankan teoritikan dan praktikal secaraadaptif dalam pelaksanaannya, serta berorganisasi yang sinergis baik internal maupun eksternal UKMK FT Unsoed', '2024-11-21 17:40:16', NULL, '2024-11-21 17:40:16'),
(2, 3, 'Billboard_1732208323.png', 'Default Billboard', NULL, NULL, '2024-11-21 16:58:49', '2025-03-13 13:08:14'),
(3, 3, 'Billboard_1732696853.jpg', 'Visi', 'Foya', '2025-02-13 11:51:50', '2024-11-27 08:41:00', '2025-02-13 11:51:50');

-- --------------------------------------------------------

--
-- Table structure for table `blaterian_food_balance`
--

CREATE TABLE `blaterian_food_balance` (
  `id` bigint(20) UNSIGNED NOT NULL,
  `balance` int(11) NOT NULL DEFAULT 0,
  `expense` int(11) NOT NULL DEFAULT 0,
  `income` int(11) NOT NULL DEFAULT 0,
  `deleted_at` timestamp NULL DEFAULT NULL,
  `created_at` timestamp NULL DEFAULT NULL,
  `updated_at` timestamp NULL DEFAULT NULL
) ENGINE=InnoDB DEFAULT CHARSET=utf8mb4 COLLATE=utf8mb4_unicode_ci;

--
-- Dumping data for table `blaterian_food_balance`
--

INSERT INTO `blaterian_food_balance` (`id`, `balance`, `expense`, `income`, `deleted_at`, `created_at`, `updated_at`) VALUES
(1, 387609, 715391, 1103000, NULL, NULL, '2025-06-30 04:38:49');

-- --------------------------------------------------------

--
-- Table structure for table `blaterian_good_balance`
--

CREATE TABLE `blaterian_good_balance` (
  `id` bigint(20) UNSIGNED NOT NULL,
  `balance` int(11) NOT NULL DEFAULT 0,
  `expense` int(11) NOT NULL DEFAULT 0,
  `income` int(11) NOT NULL DEFAULT 0,
  `deleted_at` timestamp NULL DEFAULT NULL,
  `created_at` timestamp NULL DEFAULT NULL,
  `updated_at` timestamp NULL DEFAULT NULL
) ENGINE=InnoDB DEFAULT CHARSET=utf8mb4 COLLATE=utf8mb4_unicode_ci;

--
-- Dumping data for table `blaterian_good_balance`
--

INSERT INTO `blaterian_good_balance` (`id`, `balance`, `expense`, `income`, `deleted_at`, `created_at`, `updated_at`) VALUES
(1, 295000, 0, 295000, NULL, '2024-11-20 12:10:05', '2025-02-13 14:30:41');

-- --------------------------------------------------------

--
-- Table structure for table `budget_item`
--

CREATE TABLE `budget_item` (
  `id` bigint(20) UNSIGNED NOT NULL,
  `program_id` int(11) NOT NULL,
  `name` varchar(255) NOT NULL,
  `price` int(11) NOT NULL,
  `qty` int(11) NOT NULL,
  `unit` varchar(255) NOT NULL,
  `total_price` int(11) NOT NULL,
  `deleted_at` timestamp NULL DEFAULT NULL,
  `created_at` timestamp NULL DEFAULT NULL,
  `updated_at` timestamp NULL DEFAULT NULL
) ENGINE=InnoDB DEFAULT CHARSET=utf8mb4 COLLATE=utf8mb4_unicode_ci;

--
-- Dumping data for table `budget_item`
--

INSERT INTO `budget_item` (`id`, `program_id`, `name`, `price`, `qty`, `unit`, `total_price`, `deleted_at`, `created_at`, `updated_at`) VALUES
(1, 2, 'Domain', 25000, 1, 'year', 25000, '2024-12-22 22:10:34', '2024-12-19 16:45:13', '2024-12-22 22:10:34'),
(2, 2, 'Hosting', 300000, 1, 'year', 300000, '2024-12-22 22:12:43', '2024-12-19 16:45:40', '2024-12-22 22:12:43'),
(3, 2, 'New Item', 5000, 2, 'New unit', 10000, '2024-12-22 22:14:35', '2024-12-22 21:30:42', '2024-12-22 22:14:35'),
(4, 2, 'New Item', 5000, 2, 'New unit', 10000, '2024-12-22 22:14:31', '2024-12-22 21:33:29', '2024-12-22 22:14:31'),
(5, 2, 'New Item', 5000, 2, 'New unit', 10000, '2024-12-22 22:14:31', '2024-12-22 21:38:07', '2024-12-22 22:14:31'),
(6, 2, 'New Item', 5000, 2, 'New unit', 10000, '2024-12-22 22:14:32', '2024-12-22 21:38:07', '2024-12-22 22:14:32'),
(7, 2, 'New Item', 5000, 2, 'New unit', 10000, '2024-12-22 22:14:32', '2024-12-22 21:38:07', '2024-12-22 22:14:32'),
(8, 2, 'New Item', 5000, 2, 'New unit', 10000, '2024-12-22 22:14:32', '2024-12-22 21:38:07', '2024-12-22 22:14:32'),
(9, 2, 'New Item', 5000, 2, 'New unit', 10000, '2024-12-22 22:14:32', '2024-12-22 21:38:08', '2024-12-22 22:14:32'),
(10, 2, 'New Item', 5000, 2, 'New unit', 10000, '2024-12-22 22:14:33', '2024-12-22 21:38:08', '2024-12-22 22:14:33'),
(11, 2, 'New Item', 5000, 2, 'New unit', 10000, '2024-12-22 22:14:33', '2024-12-22 21:38:08', '2024-12-22 22:14:33'),
(12, 2, 'New Item', 5000, 2, 'New unit', 10000, '2024-12-22 22:14:33', '2024-12-22 21:38:08', '2024-12-22 22:14:33'),
(13, 2, 'New Item', 5000, 2, 'New unit', 10000, '2024-12-22 22:14:33', '2024-12-22 21:38:09', '2024-12-22 22:14:33'),
(14, 2, 'New Item', 5000, 2, 'New unit', 10000, '2024-12-22 22:14:34', '2024-12-22 21:38:09', '2024-12-22 22:14:34'),
(15, 2, 'New Item', 5000, 2, 'New unit', 10000, '2024-12-22 22:14:34', '2024-12-22 21:38:09', '2024-12-22 22:14:34'),
(16, 2, 'New Item', 5000, 2, 'New unit', 10000, '2024-12-22 22:14:34', '2024-12-22 21:38:09', '2024-12-22 22:14:34'),
(17, 2, 'New Item', 5000, 2, 'New unit', 10000, '2024-12-22 22:14:34', '2024-12-22 21:38:10', '2024-12-22 22:14:34'),
(18, 2, 'New Item', 5000, 2, 'New unit', 10000, '2024-12-22 22:14:34', '2024-12-22 21:38:10', '2024-12-22 22:14:34'),
(19, 2, 'New Item', 5000, 2, 'New unit', 10000, '2024-12-22 22:14:35', '2024-12-22 21:38:10', '2024-12-22 22:14:35'),
(20, 2, 'New Item', 5000, 2, 'New unit', 10000, '2024-12-22 22:14:35', '2024-12-22 21:38:10', '2024-12-22 22:14:35'),
(21, 2, 'New Item', 5000, 2, 'New unit', 10000, '2024-12-22 22:14:35', '2024-12-22 21:38:11', '2024-12-22 22:14:35'),
(22, 2, 'New Item', 5000, 2, 'New unit', 10000, '2024-12-22 22:14:35', '2024-12-22 21:38:11', '2024-12-22 22:14:35'),
(23, 2, 'New Item', 5000, 2, 'New unit', 10000, '2024-12-22 22:14:35', '2024-12-22 21:38:11', '2024-12-22 22:14:35'),
(24, 2, 'New Item', 5000, 2, 'New unit', 10000, '2024-12-22 22:14:36', '2024-12-22 21:38:11', '2024-12-22 22:14:36'),
(25, 2, 'New Item', 5000, 2, 'New unit', 10000, '2024-12-22 22:14:36', '2024-12-22 21:38:11', '2024-12-22 22:14:36'),
(26, 2, 'New Item', 5000, 2, 'New unit', 10000, '2024-12-22 22:14:36', '2024-12-22 21:38:11', '2024-12-22 22:14:36'),
(27, 2, 'New Item', 5000, 2, 'New unit', 10000, '2024-12-22 22:14:36', '2024-12-22 21:38:11', '2024-12-22 22:14:36'),
(28, 2, 'New Item', 5000, 2, 'New unit', 10000, '2024-12-22 22:14:36', '2024-12-22 21:38:12', '2024-12-22 22:14:36'),
(29, 2, 'New Item', 5000, 2, 'New unit', 10000, '2024-12-22 22:14:36', '2024-12-22 21:38:12', '2024-12-22 22:14:36'),
(30, 2, 'New Item', 5000, 2, 'New unit', 10000, '2024-12-22 22:14:36', '2024-12-22 21:38:12', '2024-12-22 22:14:36'),
(31, 2, 'New Item', 5000, 2, 'New unit', 10000, '2024-12-22 22:14:37', '2024-12-22 21:38:12', '2024-12-22 22:14:37'),
(32, 2, 'New Item', 5000, 2, 'New unit', 10000, '2024-12-22 22:14:37', '2024-12-22 21:38:13', '2024-12-22 22:14:37'),
(33, 2, 'New Item', 5000, 2, 'New unit', 10000, '2024-12-22 22:14:37', '2024-12-22 21:38:13', '2024-12-22 22:14:37'),
(34, 2, 'New Item', 5000, 2, 'New unit', 10000, '2024-12-22 22:14:37', '2024-12-22 21:38:13', '2024-12-22 22:14:37'),
(35, 2, 'New Item', 5000, 2, 'New unit', 10000, '2024-12-22 22:14:37', '2024-12-22 21:38:13', '2024-12-22 22:14:37'),
(36, 2, 'New Item', 5000, 2, 'New unit', 10000, '2024-12-22 22:14:37', '2024-12-22 21:38:14', '2024-12-22 22:14:37'),
(37, 2, 'New Item', 5000, 2, 'New unit', 10000, '2024-12-22 22:14:37', '2024-12-22 21:38:14', '2024-12-22 22:14:37'),
(38, 2, 'New Item', 5000, 2, 'New unit', 10000, '2024-12-22 22:14:38', '2024-12-22 21:38:14', '2024-12-22 22:14:38'),
(39, 2, 'New Item', 5000, 2, 'New unit', 10000, '2024-12-22 22:14:38', '2024-12-22 21:38:14', '2024-12-22 22:14:38'),
(40, 2, 'New Item', 5000, 2, 'New unit', 10000, '2024-12-22 22:14:38', '2024-12-22 21:38:15', '2024-12-22 22:14:38'),
(41, 2, 'New Item', 5000, 2, 'New unit', 10000, '2024-12-22 22:14:38', '2024-12-22 21:38:15', '2024-12-22 22:14:38'),
(42, 2, 'New Item', 5000, 2, 'New unit', 10000, '2024-12-22 22:14:38', '2024-12-22 21:38:15', '2024-12-22 22:14:38'),
(43, 2, 'New Item', 5000, 2, 'New unit', 10000, '2024-12-22 22:14:38', '2024-12-22 21:38:15', '2024-12-22 22:14:38'),
(44, 2, 'New Item', 5000, 2, 'New unit', 10000, '2024-12-22 22:14:39', '2024-12-22 21:38:16', '2024-12-22 22:14:39'),
(45, 2, 'New Item', 5000, 2, 'New unit', 10000, '2024-12-22 22:14:38', '2024-12-22 21:46:44', '2024-12-22 22:14:38'),
(46, 2, 'New Item', 5000, 2, 'new unit', 10000, '2024-12-22 22:14:39', '2024-12-22 21:50:45', '2024-12-22 22:14:39'),
(47, 2, 'New Item', 5000, 2, 'New unit', 10000, '2024-12-22 22:14:39', '2024-12-22 21:51:56', '2024-12-22 22:14:39'),
(48, 2, 'New Item', 5000, 2, 'New unit', 10000, '2024-12-22 22:27:43', '2024-12-22 21:52:41', '2024-12-22 22:27:43'),
(49, 2, 'New Item', 5000, 2, 'New unit', 10000, '2024-12-22 22:27:41', '2024-12-22 21:53:26', '2024-12-22 22:27:41'),
(50, 2, 'New Item', 5000, 2, 'New unit', 10000, '2024-12-22 22:27:41', '2024-12-22 21:53:26', '2024-12-22 22:27:41'),
(51, 2, 'New Item', 5000, 2, 'New unit', 10000, '2024-12-22 22:27:41', '2024-12-22 21:53:26', '2024-12-22 22:27:41'),
(52, 2, 'New Item', 5000, 2, 'New unit', 10000, '2024-12-22 22:27:42', '2024-12-22 21:53:26', '2024-12-22 22:27:42'),
(53, 2, 'New Item', 5000, 2, 'New unit', 10000, '2024-12-22 22:27:42', '2024-12-22 21:53:26', '2024-12-22 22:27:42'),
(54, 2, 'New Item', 5000, 2, 'New unit', 10000, '2024-12-22 22:27:42', '2024-12-22 21:53:26', '2024-12-22 22:27:42'),
(55, 2, 'New Item', 5000, 2, 'New unit', 10000, '2024-12-22 22:27:42', '2024-12-22 21:53:27', '2024-12-22 22:27:42'),
(56, 2, 'New Item', 5000, 2, 'New unit', 10000, '2024-12-22 22:27:42', '2024-12-22 21:53:27', '2024-12-22 22:27:42'),
(57, 2, 'New Item', 5000, 2, 'New unit', 10000, '2024-12-22 22:27:43', '2024-12-22 21:53:27', '2024-12-22 22:27:43'),
(58, 2, 'New Item', 5000, 2, 'New unit', 10000, '2024-12-22 22:27:43', '2024-12-22 21:53:27', '2024-12-22 22:27:43'),
(59, 2, 'New Item', 5000, 2, 'New unit', 10000, '2024-12-22 22:27:43', '2024-12-22 21:53:27', '2024-12-22 22:27:43'),
(60, 2, 'New Item', 5000, 2, 'New unit', 10000, '2024-12-22 22:27:43', '2024-12-22 21:53:27', '2024-12-22 22:27:43'),
(61, 2, 'New Item', 5000, 2, 'New unit', 10000, '2024-12-22 22:27:43', '2024-12-22 21:53:28', '2024-12-22 22:27:43'),
(62, 2, 'New Item', 5000, 2, 'New unit', 10000, '2024-12-22 22:27:44', '2024-12-22 21:53:28', '2024-12-22 22:27:44'),
(63, 2, 'New Item', 5000, 2, 'New unit', 10000, '2024-12-22 22:27:44', '2024-12-22 21:53:28', '2024-12-22 22:27:44'),
(64, 2, 'New Item', 5000, 2, 'New unit', 10000, '2024-12-22 22:27:44', '2024-12-22 21:53:28', '2024-12-22 22:27:44'),
(65, 2, 'New Item', 5000, 2, 'New unit', 10000, '2024-12-22 22:27:44', '2024-12-22 21:53:28', '2024-12-22 22:27:44'),
(66, 2, 'New Item', 5000, 2, 'New unit', 10000, '2024-12-22 22:27:44', '2024-12-22 21:53:28', '2024-12-22 22:27:44'),
(67, 2, 'New Item', 5000, 2, 'New unit', 10000, '2024-12-22 22:27:44', '2024-12-22 21:53:28', '2024-12-22 22:27:44'),
(68, 2, 'New Item', 5000, 2, 'New unit', 10000, '2024-12-22 22:27:44', '2024-12-22 21:53:29', '2024-12-22 22:27:44'),
(69, 2, 'New Item', 5000, 2, 'New unit', 10000, '2024-12-22 22:27:44', '2024-12-22 21:53:29', '2024-12-22 22:27:44'),
(70, 2, 'New Item', 5000, 2, 'New unit', 10000, '2024-12-22 22:27:45', '2024-12-22 21:53:29', '2024-12-22 22:27:45'),
(71, 2, 'New Item', 5000, 2, 'New unit', 10000, '2024-12-22 22:27:45', '2024-12-22 21:53:29', '2024-12-22 22:27:45'),
(72, 2, 'New Item', 5000, 2, 'New unit', 10000, '2024-12-22 22:27:45', '2024-12-22 21:53:29', '2024-12-22 22:27:45'),
(73, 2, 'New Item', 5000, 2, 'New unit', 10000, '2024-12-22 22:27:45', '2024-12-22 21:53:29', '2024-12-22 22:27:45'),
(74, 2, 'New Item', 5000, 2, 'New unit', 10000, '2024-12-22 22:27:45', '2024-12-22 21:53:29', '2024-12-22 22:27:45'),
(75, 2, 'New Item', 5000, 2, 'New unit', 10000, '2024-12-22 22:27:45', '2024-12-22 21:53:30', '2024-12-22 22:27:45'),
(76, 2, 'New Item', 5000, 2, 'New unit', 10000, '2024-12-22 22:27:46', '2024-12-22 21:53:30', '2024-12-22 22:27:46'),
(77, 2, 'New Item', 5000, 2, 'New unit', 10000, '2024-12-22 22:27:46', '2024-12-22 21:53:30', '2024-12-22 22:27:46'),
(78, 2, 'New Item', 5000, 2, 'New unit', 10000, '2024-12-22 22:27:46', '2024-12-22 21:53:30', '2024-12-22 22:27:46'),
(79, 2, 'New Item', 5000, 2, 'New unit', 10000, '2024-12-22 22:27:46', '2024-12-22 21:53:30', '2024-12-22 22:27:46'),
(80, 2, 'New Item', 5000, 2, 'New unit', 10000, '2024-12-22 22:27:46', '2024-12-22 21:53:30', '2024-12-22 22:27:46'),
(81, 2, 'New Item', 5000, 2, 'New unit', 10000, '2024-12-22 22:27:46', '2024-12-22 21:53:31', '2024-12-22 22:27:46'),
(82, 2, 'New Item', 5000, 2, 'New unit', 10000, '2024-12-22 22:27:47', '2024-12-22 21:53:31', '2024-12-22 22:27:47'),
(83, 2, 'New Item', 5000, 2, 'New unit', 10000, '2024-12-22 22:27:47', '2024-12-22 21:53:31', '2024-12-22 22:27:47'),
(84, 2, 'New Item', 5000, 2, 'New unit', 10000, '2024-12-22 22:27:47', '2024-12-22 21:53:31', '2024-12-22 22:27:47'),
(85, 2, 'New Item', 5000, 2, 'New unit', 10000, '2024-12-22 22:27:47', '2024-12-22 21:53:31', '2024-12-22 22:27:47'),
(86, 2, 'New Item', 5000, 2, 'New unit', 10000, '2024-12-22 22:27:48', '2024-12-22 21:53:31', '2024-12-22 22:27:48'),
(87, 2, 'New Item', 5000, 2, 'New unit', 10000, '2024-12-22 22:27:48', '2024-12-22 21:53:31', '2024-12-22 22:27:48'),
(88, 2, 'New Item', 5000, 2, 'New unit', 10000, '2024-12-22 22:29:41', '2024-12-22 21:53:32', '2024-12-22 22:29:41'),
(89, 2, 'New Item', 5000, 2, 'New unit', 10000, '2024-12-22 22:29:41', '2024-12-22 21:56:41', '2024-12-22 22:29:41'),
(90, 2, 'New Item', 5000, 2, 'New unit', 10000, '2024-12-22 22:29:41', '2024-12-22 22:23:40', '2024-12-22 22:29:41'),
(91, 2, 'New Item', 5000, 2, 'New unit', 10000, '2024-12-22 22:29:42', '2024-12-22 22:23:40', '2024-12-22 22:29:42'),
(92, 2, 'New Item', 5000, 2, 'New unit', 10000, '2024-12-22 22:29:42', '2024-12-22 22:23:40', '2024-12-22 22:29:42'),
(93, 2, 'New Item', 5000, 2, 'New unit', 10000, '2024-12-22 22:29:42', '2024-12-22 22:23:40', '2024-12-22 22:29:42'),
(94, 2, 'New Item', 5000, 2, 'New unit', 10000, '2024-12-22 22:29:42', '2024-12-22 22:23:40', '2024-12-22 22:29:42'),
(95, 2, 'New Item', 5000, 2, 'New unit', 10000, '2024-12-22 22:29:42', '2024-12-22 22:23:40', '2024-12-22 22:29:42'),
(96, 2, 'New Item', 5000, 2, 'New unit', 10000, '2024-12-22 22:29:42', '2024-12-22 22:23:41', '2024-12-22 22:29:42'),
(97, 2, 'New Item', 5000, 2, 'New unit', 10000, '2024-12-22 22:29:42', '2024-12-22 22:23:41', '2024-12-22 22:29:42'),
(98, 2, 'New Item', 5000, 2, 'New unit', 10000, '2024-12-22 22:29:43', '2024-12-22 22:23:41', '2024-12-22 22:29:43'),
(99, 2, 'New Item', 5000, 2, 'New unit', 10000, '2024-12-22 22:29:43', '2024-12-22 22:23:41', '2024-12-22 22:29:43'),
(100, 2, 'New Item', 5000, 2, 'New unit', 10000, '2024-12-22 22:29:43', '2024-12-22 22:23:41', '2024-12-22 22:29:43'),
(101, 2, 'New Item', 5000, 2, 'New unit', 10000, '2024-12-22 22:29:43', '2024-12-22 22:23:41', '2024-12-22 22:29:43'),
(102, 2, 'New Item', 5000, 2, 'New unit', 10000, '2024-12-22 22:29:43', '2024-12-22 22:23:41', '2024-12-22 22:29:43'),
(103, 2, 'New Item', 5000, 2, 'New unit', 10000, '2024-12-22 22:29:43', '2024-12-22 22:23:41', '2024-12-22 22:29:43'),
(104, 2, 'New Item', 5000, 2, 'New unit', 10000, '2024-12-22 22:29:44', '2024-12-22 22:23:42', '2024-12-22 22:29:44'),
(105, 2, 'New Item', 5000, 2, 'New unit', 10000, '2024-12-22 22:29:44', '2024-12-22 22:23:42', '2024-12-22 22:29:44'),
(106, 2, 'New Item', 5000, 2, 'New unit', 10000, '2024-12-22 22:29:44', '2024-12-22 22:23:42', '2024-12-22 22:29:44'),
(107, 2, 'New Item', 5000, 2, 'New unit', 10000, '2024-12-22 22:29:44', '2024-12-22 22:23:42', '2024-12-22 22:29:44'),
(108, 2, 'New Item', 5000, 2, 'New unit', 10000, '2024-12-22 22:29:44', '2024-12-22 22:23:42', '2024-12-22 22:29:44'),
(109, 2, 'New Item', 5000, 2, 'New unit', 10000, '2024-12-22 22:29:44', '2024-12-22 22:23:42', '2024-12-22 22:29:44'),
(110, 2, 'New Item', 5000, 2, 'New unit', 10000, '2024-12-22 22:29:44', '2024-12-22 22:23:43', '2024-12-22 22:29:44'),
(111, 2, 'New Item', 5000, 2, 'New unit', 10000, '2024-12-22 22:29:45', '2024-12-22 22:23:43', '2024-12-22 22:29:45'),
(112, 2, 'New Item', 5000, 2, 'New unit', 10000, '2024-12-22 22:29:45', '2024-12-22 22:23:43', '2024-12-22 22:29:45'),
(113, 2, 'New Item', 5000, 2, 'New unit', 10000, '2024-12-22 22:29:45', '2024-12-22 22:23:43', '2024-12-22 22:29:45'),
(114, 2, 'New Item', 5000, 2, 'New unit', 10000, '2024-12-22 22:29:45', '2024-12-22 22:23:43', '2024-12-22 22:29:45'),
(115, 2, 'New Item', 5000, 2, 'New unit', 10000, '2024-12-22 22:29:45', '2024-12-22 22:23:43', '2024-12-22 22:29:45'),
(116, 2, 'New Item', 5000, 2, 'New unit', 10000, '2024-12-22 22:29:45', '2024-12-22 22:23:43', '2024-12-22 22:29:45'),
(117, 2, 'New Item', 5000, 2, 'New unit', 10000, '2024-12-22 22:29:46', '2024-12-22 22:23:44', '2024-12-22 22:29:46'),
(118, 2, 'New Item', 5000, 2, 'New unit', 10000, '2024-12-22 22:29:46', '2024-12-22 22:23:44', '2024-12-22 22:29:46'),
(119, 2, 'New Item', 5000, 2, 'New unit', 10000, '2024-12-22 22:29:46', '2024-12-22 22:23:44', '2024-12-22 22:29:46'),
(120, 2, 'New Item', 5000, 2, 'New unit', 10000, '2024-12-22 22:29:46', '2024-12-22 22:23:44', '2024-12-22 22:29:46'),
(121, 2, 'New Item', 5000, 2, 'New unit', 10000, '2024-12-22 22:29:46', '2024-12-22 22:23:44', '2024-12-22 22:29:46'),
(122, 2, 'New Item', 5000, 2, 'New unit', 10000, '2024-12-22 22:29:46', '2024-12-22 22:23:44', '2024-12-22 22:29:46'),
(123, 2, 'New Item', 5000, 2, 'New unit', 10000, '2024-12-22 22:29:47', '2024-12-22 22:23:44', '2024-12-22 22:29:47'),
(124, 2, 'New Item', 5000, 2, 'New unit', 10000, '2024-12-22 22:29:47', '2024-12-22 22:23:45', '2024-12-22 22:29:47'),
(125, 2, 'New Item', 5000, 2, 'New unit', 10000, '2024-12-22 22:29:47', '2024-12-22 22:23:45', '2024-12-22 22:29:47'),
(126, 2, 'New Item', 5000, 2, 'New unit', 10000, '2024-12-22 22:29:47', '2024-12-22 22:23:45', '2024-12-22 22:29:47'),
(127, 2, 'New Item', 5000, 2, 'New unit', 10000, '2024-12-22 22:29:47', '2024-12-22 22:23:45', '2024-12-22 22:29:47'),
(128, 2, 'New Item', 5000, 2, 'New unit', 10000, NULL, '2024-12-22 22:23:45', '2024-12-22 22:23:45'),
(129, 2, 'New Item', 5000, 2, 'New unit', 10000, NULL, '2024-12-22 22:23:45', '2024-12-22 22:23:45'),
(130, 5, 'Konsumsi', 4000, 5, 'Pcs', 20000, '2025-05-04 07:12:47', '2025-02-13 13:05:16', '2025-05-04 07:12:47'),
(131, 8, 'medali', 15000, 9, 'pcs', 135000, '2025-04-25 08:04:41', '2025-04-25 08:03:58', '2025-04-25 08:04:41'),
(132, 16, 'Hosting', 500000, 1, 'year', 500000, NULL, '2025-05-04 16:00:14', '2025-05-04 16:00:14'),
(133, 8, 'medali', 20000, 1, 'pcs', 20000, '2025-05-08 05:50:19', '2025-05-08 05:48:45', '2025-05-08 05:50:19'),
(134, 64, 'Transportasi', 13000, 8, 'liter', 104000, NULL, '2025-05-08 12:54:52', '2025-05-08 12:54:52'),
(135, 63, 'Thank you Card', 23000, 1, 'pack', 23000, NULL, '2025-05-08 13:00:00', '2025-05-08 13:00:00'),
(136, 63, 'Stiker', 300, 500, 'pcs', 150000, NULL, '2025-05-08 13:00:58', '2025-05-08 13:00:58'),
(137, 63, 'Dompet', 20000, 1, 'pcs', 20000, NULL, '2025-05-08 13:01:18', '2025-05-08 13:01:18'),
(138, 16, 'Hosting lg', 200, 1, 'kg', 200, '2025-05-12 08:29:30', '2025-05-12 08:28:13', '2025-05-12 08:29:30'),
(139, 6, 'Entclass', 1719000, 1, 'Proker', 1719000, '2025-05-16 14:18:48', '2025-05-12 08:39:40', '2025-05-16 14:18:48'),
(140, 6, 'Entclass', 1719000, 1, 'Proker', 1719000, '2025-05-12 08:41:47', '2025-05-12 08:39:43', '2025-05-12 08:41:47'),
(141, 20, 'Upgrading', 5320000, 1, 'Satuan', 5320000, '2025-05-30 12:38:57', '2025-05-12 08:41:44', '2025-05-30 12:38:57'),
(142, 46, 'Bensin', 30000, 8, 'Pcs', 240000, NULL, '2025-05-12 08:49:59', '2025-05-12 08:49:59'),
(143, 72, 'Pesta Wiralingga', 2129500, 1, 'Proker', 2129500, '2025-05-23 12:23:49', '2025-05-12 08:52:07', '2025-05-23 12:23:49'),
(144, 72, 'Pesta Wiralingga', 2129500, 1, 'Proker', 2129500, '2025-05-12 08:52:36', '2025-05-12 08:52:19', '2025-05-12 08:52:36'),
(145, 22, 'Internship', 442500, 1, 'Proker', 442500, '2025-05-23 12:16:22', '2025-05-12 08:52:49', '2025-05-23 12:16:22'),
(146, 12, 'j', 20000, 3, '2', 60000, NULL, '2025-05-12 08:56:31', '2025-05-12 08:56:31'),
(147, 6, 'EntClass', 1916000, 1, 'Program Kerja', 1916000, '2025-05-16 14:57:26', '2025-05-16 14:22:40', '2025-05-16 14:57:26'),
(148, 6, 'Fee pembicara', 500000, 2, 'Orang', 1000000, NULL, '2025-05-16 14:58:07', '2025-05-16 14:58:07'),
(149, 6, 'Snack', 130000, 1, 'Paket', 130000, NULL, '2025-05-16 14:58:52', '2025-05-16 14:58:52'),
(150, 6, 'Air minum gelas', 17000, 1, 'Dus', 17000, NULL, '2025-05-16 14:59:27', '2025-05-16 14:59:27'),
(151, 6, 'Air minum', 5000, 5, 'Botol', 25000, NULL, '2025-05-16 15:00:15', '2025-05-16 15:00:15'),
(152, 6, 'Konsumsi pembicara', 125000, 1, 'Paket', 125000, NULL, '2025-05-16 15:00:55', '2025-05-16 15:00:55'),
(153, 6, 'Galon', 7000, 2, 'Buah', 14000, NULL, '2025-05-16 15:01:27', '2025-05-16 15:01:27'),
(154, 6, 'Piring plastik', 1000, 15, 'Buah', 15000, NULL, '2025-05-16 15:01:56', '2025-05-16 15:01:56'),
(155, 6, 'Cup gelas', 8000, 1, 'Paket', 8000, NULL, '2025-05-16 15:02:39', '2025-05-16 15:02:39'),
(156, 6, 'Plakat', 155000, 2, 'Buah', 310000, NULL, '2025-05-16 15:03:10', '2025-05-16 15:03:10'),
(157, 6, 'Medali', 18000, 8, 'Buah', 144000, NULL, '2025-05-16 15:03:38', '2025-05-16 15:03:38'),
(158, 6, 'Sertifikat', 4000, 32, 'Lembar', 128000, NULL, '2025-05-16 15:04:09', '2025-05-16 15:04:09'),
(159, 65, 'Serokan Sampah', 20000, 1, 'unit', 20000, '2025-05-21 16:49:49', '2025-05-21 16:49:26', '2025-05-21 16:49:49'),
(160, 65, 'Serokan Sampah', 20000, 1, 'unit', 20000, NULL, '2025-05-21 16:49:41', '2025-05-21 16:49:41'),
(161, 65, 'Sapu', 15000, 1, 'unit', 15000, NULL, '2025-05-21 16:50:21', '2025-05-21 16:50:21'),
(162, 65, 'Pembersih Lantai', 10000, 1, 'unit', 10000, NULL, '2025-05-21 16:50:39', '2025-05-21 16:50:39'),
(163, 65, 'Kemoceng', 20000, 1, 'unit', 20000, NULL, '2025-05-21 16:50:57', '2025-05-21 16:50:57'),
(164, 65, 'Pembersih Kaca', 10000, 1, 'unit', 10000, NULL, '2025-05-21 16:51:20', '2025-05-21 16:51:20'),
(165, 65, 'Fotocopy', 1000, 4, 'lembar', 4000, '2025-05-21 16:51:54', '2025-05-21 16:51:41', '2025-05-21 16:51:54'),
(166, 65, 'Fotocopy', 250, 4, 'lembar', 1000, NULL, '2025-05-21 16:52:11', '2025-05-21 16:52:11'),
(167, 22, 'Gantungan Kunci', 5000, 16, 'Buah', 80000, NULL, '2025-05-23 12:17:55', '2025-05-23 12:17:55'),
(168, 22, 'Sertifikat', 4000, 16, 'Lembar', 64000, NULL, '2025-05-23 12:18:47', '2025-05-23 12:18:47'),
(169, 22, 'Bucket Hadiah', 30000, 2, 'Buah', 60000, NULL, '2025-05-23 12:19:14', '2025-05-23 12:19:14'),
(170, 22, 'Piring Plastik', 1000, 20, 'Buah', 20000, NULL, '2025-05-23 12:19:51', '2025-05-23 12:19:51'),
(171, 22, 'Gelas Cup', 7500, 1, 'Pack', 7500, NULL, '2025-05-23 12:20:35', '2025-05-23 12:20:35'),
(172, 22, 'CO Card', 6500, 16, 'Buah', 104000, NULL, '2025-05-23 12:21:31', '2025-05-23 12:21:31'),
(173, 22, 'Snack', 100000, 1, 'Paket', 100000, NULL, '2025-05-23 12:21:54', '2025-05-23 12:21:54'),
(174, 22, 'Galon', 7000, 1, 'Buah', 7000, NULL, '2025-05-23 12:22:24', '2025-05-23 12:22:24'),
(175, 21, 'rab', 0, 1, 'pcs', 0, NULL, '2025-05-30 12:18:04', '2025-05-30 12:18:04'),
(176, 9, 'Sewa tempat lapangan badminton', 30000, 4, 'jam', 120000, NULL, '2025-05-30 12:26:11', '2025-05-30 12:26:11'),
(177, 9, 'Shuttlecock', 20000, 1, 'pack', 20000, NULL, '2025-05-30 12:27:05', '2025-05-30 12:27:05'),
(178, 79, 'rab', 0, 1, 'pcs', 0, NULL, '2025-05-30 12:37:12', '2025-05-30 12:37:12'),
(179, 20, 'Acara', 200000, 1, 'paket', 200000, NULL, '2025-05-30 12:40:09', '2025-05-30 12:40:09'),
(180, 20, 'Upgrading 3 & internship', 500000, 1, 'paket', 500000, NULL, '2025-05-30 12:40:57', '2025-05-30 12:40:57'),
(181, 20, 'Outbound Upgrading 2', 800000, 1, 'paket', 800000, NULL, '2025-05-30 12:41:27', '2025-05-30 12:41:27'),
(182, 20, 'Konsumsi Upgrading 2', 280000, 1, 'paket', 280000, NULL, '2025-05-30 12:42:07', '2025-05-30 12:42:07'),
(183, 20, 'Konsumsi Upgrading 1', 800000, 1, 'paket', 800000, NULL, '2025-05-30 12:42:49', '2025-05-30 12:42:49'),
(184, 20, 'Villa dan Api Unggun', 2650000, 1, 'paket', 2650000, NULL, '2025-05-30 12:43:39', '2025-05-30 12:43:39'),
(185, 20, 'Hadiah', 10000, 3, 'dus', 30000, NULL, '2025-05-30 12:44:25', '2025-05-30 12:44:25'),
(186, 18, 'rab', 0, 0, '0', 0, '2025-05-30 13:02:35', '2025-05-30 13:02:26', '2025-05-30 13:02:35'),
(187, 18, 'rab', 0, 1, '0', 0, NULL, '2025-05-30 13:02:45', '2025-05-30 13:02:45'),
(188, 15, 'Hadiah Menfess', 20000, 9, 'buah', 180000, NULL, '2025-05-30 13:03:11', '2025-05-30 13:03:11'),
(189, 15, 'Hadiah E-Magz', 20000, 3, 'buah', 60000, NULL, '2025-05-30 13:03:36', '2025-05-30 13:03:36'),
(190, 15, 'Canva Premium', 65000, 1, 'tahun', 65000, NULL, '2025-05-30 13:04:31', '2025-05-30 13:04:31'),
(191, 72, 'Paket Makan', 20000, 70, 'Kotak', 1400000, NULL, '2025-05-30 13:20:36', '2025-05-30 13:20:36'),
(192, 72, 'Tumpeng', 250000, 1, 'Porsi', 250000, '2025-05-30 13:21:25', '2025-05-30 13:21:09', '2025-05-30 13:21:25'),
(193, 72, 'Tumpeng', 250000, 1, 'Porsi', 250000, NULL, '2025-05-30 13:21:10', '2025-05-30 13:21:10'),
(194, 72, 'Tumpeng', 250000, 1, 'Porsi', 250000, '2025-05-30 13:21:29', '2025-05-30 13:21:18', '2025-05-30 13:21:29'),
(195, 72, 'Paper Bag', 1500, 2, 'Buah', 3000, NULL, '2025-05-30 13:22:08', '2025-05-30 13:22:08'),
(196, 72, 'Snack', 15000, 2, 'Buah', 30000, NULL, '2025-05-30 13:22:35', '2025-05-30 13:22:35'),
(197, 72, 'Sewa Tempat', 200000, 1, 'Paket', 200000, NULL, '2025-05-30 13:23:12', '2025-05-30 13:23:12'),
(198, 72, 'Sound System', 150000, 1, 'B', 150000, '2025-05-30 13:23:52', '2025-05-30 13:23:40', '2025-05-30 13:23:52'),
(199, 72, 'Sound System', 150000, 1, 'Buah', 150000, NULL, '2025-05-30 13:23:45', '2025-05-30 13:23:45'),
(200, 72, 'Proyektor', 20000, 1, 'Buah', 20000, NULL, '2025-05-30 13:24:21', '2025-05-30 13:24:21'),
(201, 72, 'Banner', 76500, 1, 'Buah', 76500, NULL, '2025-05-30 13:24:42', '2025-05-30 13:24:42'),
(202, 24, 'Musyawarah Anggota', 470000, 1, 'rp', 470000, NULL, '2025-06-10 09:52:04', '2025-06-10 09:52:04'),
(203, 24, 'Musyawarah Anggota', 470000, 1, 'rp', 470000, '2025-06-10 09:53:19', '2025-06-10 09:53:14', '2025-06-10 09:53:19'),
(204, 13, 'Sewa Studio Foto', 675000, 1, 'studio', 675000, NULL, '2025-06-10 12:51:15', '2025-06-10 12:51:15'),
(205, 66, 'Materai', 12000, 2, 'unit', 24000, '2025-06-11 00:39:29', '2025-06-11 00:39:15', '2025-06-11 00:39:29'),
(206, 66, 'Materai', 12000, 2, 'unit', 24000, '2025-06-11 00:39:34', '2025-06-11 00:39:19', '2025-06-11 00:39:34'),
(207, 66, 'Materai', 12000, 2, 'unit', 24000, NULL, '2025-06-11 00:39:20', '2025-06-11 00:39:20'),
(208, 66, 'Kertas HVS A4', 60000, 1, 'unit', 60000, '2025-06-11 00:43:34', '2025-06-11 00:39:52', '2025-06-11 00:43:34'),
(209, 66, 'Gunting', 10000, 1, 'unit', 10000, NULL, '2025-06-11 00:40:02', '2025-06-11 00:40:02'),
(210, 66, 'Stapless', 10000, 1, 'unit', 10000, NULL, '2025-06-11 00:40:11', '2025-06-11 00:40:11'),
(211, 66, 'Isi Stapless', 10000, 1, 'unit', 10000, NULL, '2025-06-11 00:40:24', '2025-06-11 00:40:24'),
(212, 66, 'Stempel', 85000, 1, 'unit', 85000, NULL, '2025-06-11 00:40:42', '2025-06-11 00:40:42'),
(213, 66, 'Gorden', 85000, 2, 'unit', 170000, NULL, '2025-06-11 00:40:55', '2025-06-11 00:40:55'),
(214, 66, 'Stopmap', 5000, 3, 'unit', 15000, NULL, '2025-06-11 00:41:12', '2025-06-11 00:41:12'),
(215, 66, 'Papan Dada', 20000, 1, 'unit', 20000, NULL, '2025-06-11 00:41:26', '2025-06-11 00:41:26'),
(216, 66, 'Buku Tulis', 5000, 2, 'unit', 10000, NULL, '2025-06-11 00:41:46', '2025-06-11 00:41:46'),
(217, 66, 'Lem Kertas', 6000, 1, 'unit', 6000, NULL, '2025-06-11 00:41:57', '2025-06-11 00:41:57'),
(218, 66, 'Kertas HVS A4', 60000, 1, 'rim', 60000, NULL, '2025-06-11 00:43:51', '2025-06-11 00:43:51');

-- --------------------------------------------------------

--
-- Table structure for table `cache`
--

CREATE TABLE `cache` (
  `key` varchar(255) NOT NULL,
  `value` mediumtext NOT NULL,
  `expiration` int(11) NOT NULL
) ENGINE=InnoDB DEFAULT CHARSET=utf8mb4 COLLATE=utf8mb4_unicode_ci;

-- --------------------------------------------------------

--
-- Table structure for table `cache_locks`
--

CREATE TABLE `cache_locks` (
  `key` varchar(255) NOT NULL,
  `owner` varchar(255) NOT NULL,
  `expiration` int(11) NOT NULL
) ENGINE=InnoDB DEFAULT CHARSET=utf8mb4 COLLATE=utf8mb4_unicode_ci;

-- --------------------------------------------------------

--
-- Table structure for table `cashier`
--

CREATE TABLE `cashier` (
  `stand_id` int(11) NOT NULL,
  `cashier_id` int(11) NOT NULL,
  `deleted_at` timestamp NULL DEFAULT NULL,
  `created_at` timestamp NULL DEFAULT NULL,
  `updated_at` timestamp NULL DEFAULT NULL
) ENGINE=InnoDB DEFAULT CHARSET=utf8mb4 COLLATE=utf8mb4_unicode_ci;

--
-- Dumping data for table `cashier`
--

INSERT INTO `cashier` (`stand_id`, `cashier_id`, `deleted_at`, `created_at`, `updated_at`) VALUES
(12, 3, NULL, NULL, NULL),
(14, 54, NULL, NULL, NULL),
(14, 21, NULL, NULL, NULL),
(3, 54, NULL, NULL, NULL),
(17, 3, NULL, NULL, NULL),
(19, 54, NULL, NULL, NULL),
(19, 21, NULL, NULL, NULL),
(19, 27, NULL, NULL, NULL);

-- --------------------------------------------------------

--
-- Table structure for table `cash_in_item`
--

CREATE TABLE `cash_in_item` (
  `id` bigint(20) UNSIGNED NOT NULL,
  `name` varchar(255) NOT NULL,
  `price` int(11) NOT NULL,
  `financial_id` int(11) DEFAULT NULL,
  `reciept` varchar(255) DEFAULT NULL,
  `deleted_at` timestamp NULL DEFAULT NULL,
  `created_at` timestamp NULL DEFAULT NULL,
  `updated_at` timestamp NULL DEFAULT NULL
) ENGINE=InnoDB DEFAULT CHARSET=utf8mb4 COLLATE=utf8mb4_unicode_ci;

--
-- Dumping data for table `cash_in_item`
--

INSERT INTO `cash_in_item` (`id`, `name`, `price`, `financial_id`, `reciept`, `deleted_at`, `created_at`, `updated_at`) VALUES
(2, 'Contribution Charge', 2196000, 15, NULL, NULL, '2025-02-13 13:38:53', '2025-07-21 02:46:37');

-- --------------------------------------------------------

--
-- Table structure for table `contribution`
--

CREATE TABLE `contribution` (
  `id` bigint(20) UNSIGNED NOT NULL,
  `user_id` smallint(6) NOT NULL,
  `months` smallint(6) NOT NULL DEFAULT 0,
  `deleted_at` timestamp NULL DEFAULT NULL,
  `created_at` timestamp NULL DEFAULT NULL,
  `updated_at` timestamp NULL DEFAULT NULL
) ENGINE=InnoDB DEFAULT CHARSET=utf8mb4 COLLATE=utf8mb4_unicode_ci;

--
-- Dumping data for table `contribution`
--

INSERT INTO `contribution` (`id`, `user_id`, `months`, `deleted_at`, `created_at`, `updated_at`) VALUES
(1, 3, 0, NULL, '2025-03-13 13:44:17', '2025-04-23 09:47:42'),
(2, 14, 7, NULL, '2025-04-24 14:18:25', '2025-05-31 03:33:16'),
(3, 67, 3, NULL, '2025-04-25 09:26:55', '2025-07-10 23:44:41'),
(4, 32, 4, NULL, '2025-05-02 06:06:03', '2025-07-10 23:42:31'),
(5, 25, 10, NULL, '2025-05-02 06:24:49', '2025-07-10 23:47:57'),
(6, 52, 4, NULL, '2025-05-02 06:59:35', '2025-06-24 00:53:21'),
(7, 56, 3, NULL, '2025-05-02 07:28:40', '2025-07-10 23:47:41'),
(8, 59, 3, NULL, '2025-05-04 06:56:25', '2025-05-31 03:36:07'),
(9, 45, 2, NULL, '2025-05-04 07:56:15', '2025-05-31 03:33:41'),
(10, 33, 3, NULL, '2025-05-04 08:32:49', '2025-07-10 23:42:55'),
(11, 23, 5, NULL, '2025-05-04 08:51:22', '2025-05-31 03:31:11'),
(12, 62, 6, NULL, '2025-05-04 09:04:15', '2025-07-11 00:15:36'),
(13, 11, 8, NULL, '2025-05-04 11:37:35', '2025-06-10 13:11:02'),
(14, 61, 4, NULL, '2025-05-04 12:00:03', '2025-06-24 00:51:04'),
(15, 30, 4, NULL, '2025-05-04 14:56:38', '2025-07-10 23:46:52'),
(16, 58, 2, NULL, '2025-05-04 15:04:12', '2025-05-31 03:24:56'),
(17, 68, 3, NULL, '2025-05-05 00:14:28', '2025-06-24 00:41:45'),
(18, 85, 4, NULL, '2025-05-05 01:32:14', '2025-07-10 23:42:13'),
(19, 31, 9, NULL, '2025-05-05 04:10:41', '2025-07-10 23:48:17'),
(20, 53, 5, NULL, '2025-05-05 09:41:46', '2025-07-10 23:49:00'),
(21, 57, 4, NULL, '2025-05-05 11:32:17', '2025-07-10 23:45:04'),
(22, 87, 2, NULL, '2025-05-05 12:17:15', '2025-07-10 23:47:08'),
(23, 88, 4, NULL, '2025-05-05 12:23:15', '2025-07-10 23:43:15'),
(24, 82, 2, NULL, '2025-05-05 12:23:44', '2025-05-31 03:29:36'),
(25, 55, 5, NULL, '2025-05-05 12:25:22', '2025-07-10 23:42:45'),
(26, 39, 4, NULL, '2025-05-05 12:41:54', '2025-06-24 00:42:53'),
(27, 28, 10, NULL, '2025-05-05 13:58:17', '2025-06-24 00:45:20'),
(28, 78, 2, NULL, '2025-05-05 16:00:48', '2025-07-21 02:46:37'),
(29, 13, 3, NULL, '2025-05-06 07:36:30', '2025-07-10 23:47:49'),
(30, 15, 5, NULL, '2025-05-07 10:25:10', '2025-05-12 09:02:38'),
(31, 16, 9, NULL, '2025-05-08 10:51:24', '2025-05-12 09:00:44'),
(32, 54, 4, NULL, '2025-05-08 12:14:03', '2025-07-10 23:46:32'),
(33, 22, 9, NULL, '2025-05-09 04:59:53', '2025-07-10 23:41:36'),
(34, 21, 5, NULL, '2025-05-10 13:54:30', '2025-05-31 03:23:36'),
(35, 44, 1, NULL, '2025-05-14 14:09:53', '2025-06-24 00:39:33'),
(36, 29, 2, NULL, '2025-05-21 16:59:54', '2025-05-31 03:28:43'),
(37, 63, 2, NULL, '2025-06-01 02:34:35', '2025-07-11 00:10:35'),
(38, 60, 2, NULL, '2025-06-04 13:08:10', '2025-06-24 00:55:40'),
(39, 66, 4, NULL, '2025-06-10 09:42:39', '2025-07-10 23:48:36'),
(40, 96, 3, NULL, '2025-06-10 12:56:55', '2025-07-10 23:48:07'),
(41, 65, 2, NULL, '2025-06-10 13:33:43', '2025-07-10 23:45:57'),
(42, 24, 3, NULL, '2025-06-10 13:36:39', '2025-07-10 23:41:53'),
(43, 64, 2, NULL, '2025-06-11 13:04:30', '2025-07-10 23:45:48'),
(44, 12, 5, NULL, '2025-06-24 15:33:53', '2025-07-10 23:42:01');

-- --------------------------------------------------------

--
-- Table structure for table `contribution_configuration`
--

CREATE TABLE `contribution_configuration` (
  `id` bigint(20) UNSIGNED NOT NULL,
  `price` int(11) DEFAULT NULL,
  `start` smallint(6) DEFAULT NULL,
  `period` smallint(6) DEFAULT NULL,
  `financial_id` smallint(6) DEFAULT NULL,
  `deleted_at` timestamp NULL DEFAULT NULL,
  `created_at` timestamp NULL DEFAULT NULL,
  `updated_at` timestamp NULL DEFAULT NULL
) ENGINE=InnoDB DEFAULT CHARSET=utf8mb4 COLLATE=utf8mb4_unicode_ci;

--
-- Dumping data for table `contribution_configuration`
--

INSERT INTO `contribution_configuration` (`id`, `price`, `start`, `period`, `financial_id`, `deleted_at`, `created_at`, `updated_at`) VALUES
(1, 12000, 3, 9, 3, NULL, '2024-11-20 12:09:54', '2025-04-23 09:47:42');

-- --------------------------------------------------------

--
-- Table structure for table `contribution_receipt`
--

CREATE TABLE `contribution_receipt` (
  `id` bigint(20) UNSIGNED NOT NULL,
  `contribution_id` smallint(6) NOT NULL,
  `financial_id` smallint(6) DEFAULT NULL,
  `months` smallint(6) NOT NULL,
  `receipt` varchar(255) NOT NULL,
  `deleted_at` timestamp NULL DEFAULT NULL,
  `created_at` timestamp NULL DEFAULT NULL,
  `updated_at` timestamp NULL DEFAULT NULL
) ENGINE=InnoDB DEFAULT CHARSET=utf8mb4 COLLATE=utf8mb4_unicode_ci;

--
-- Dumping data for table `contribution_receipt`
--

INSERT INTO `contribution_receipt` (`id`, `contribution_id`, `financial_id`, `months`, `receipt`, `deleted_at`, `created_at`, `updated_at`) VALUES
(1, 1, NULL, 9, 'cc_arella_1.png', NULL, '2025-03-13 13:44:25', '2025-04-23 09:47:42'),
(2, 2, 78, 2, 'cc_s_e_l_l_y_j_u_a_n_a_l_y_a_1.jpg', NULL, '2025-04-24 14:18:32', '2025-05-31 03:32:54'),
(3, 3, 78, 1, 'cc_m_u_k_h_a_m_m_a_d_d_a_n_i_i_s_m_a_i_l1_1.jpg', NULL, '2025-04-25 09:27:01', '2025-05-31 03:37:46'),
(4, 3, 78, 1, 'cc_m_u_k_h_a_m_m_a_d_d_a_n_i_i_s_m_a_i_l1_1.jpg', NULL, '2025-04-25 09:27:05', '2025-07-10 23:43:58'),
(5, 3, NULL, 1, 'cc_m_u_k_h_a_m_m_a_d_d_a_n_i_i_s_m_a_i_l1_1.jpg', NULL, '2025-04-25 09:27:07', '2025-04-25 09:27:07'),
(6, 3, NULL, 1, 'cc_m_u_k_h_a_m_m_a_d_d_a_n_i_i_s_m_a_i_l1_2.jpg', NULL, '2025-04-25 09:27:10', '2025-07-10 23:44:16'),
(7, 3, NULL, 1, 'cc_m_u_k_h_a_m_m_a_d_d_a_n_i_i_s_m_a_i_l1_5.jpg', NULL, '2025-04-25 09:27:18', '2025-04-25 09:27:18'),
(8, 4, 78, 2, 'cc_dimas_kendika_1.jpg', NULL, '2025-05-02 06:06:11', '2025-05-31 03:31:56'),
(9, 5, 78, 2, 'cc_dimas_kendika_1.jpg', NULL, '2025-05-02 06:24:55', '2025-05-31 03:35:22'),
(10, 6, 78, 3, 'cc_nadia_satti_maduma_gultom_1.jpg', NULL, '2025-05-02 07:00:06', '2025-05-31 03:38:12'),
(11, 7, 78, 2, 'cc_z_a_i_n_a_b_f_e_i_z_i_a1_1.jpg', NULL, '2025-05-02 07:28:48', '2025-05-31 03:26:11'),
(12, 9, 78, 2, 'cc_hanifatul_adwa_1.jpg', NULL, '2025-05-04 07:56:22', '2025-05-31 03:33:41'),
(13, 10, 78, 1, 'cc_a_i_s_y_a_h_k_i_n_a_r_m_a_s_a_y_u_w_i_w_e_k_o_1.jpg', NULL, '2025-05-04 08:33:02', '2025-05-31 03:26:43'),
(14, 10, 78, 1, 'cc_a_i_s_y_a_h_k_i_n_a_r_m_a_s_a_y_u_w_i_w_e_k_o_2.jpg', NULL, '2025-05-04 08:34:21', '2025-05-31 03:26:36'),
(15, 11, 78, 5, 'cc_dewi_sita_agustin_1.jpg', NULL, '2025-05-04 08:51:28', '2025-05-31 03:31:11'),
(16, 3, NULL, 1, 'cc_m_u_k_h_a_m_m_a_d_d_a_n_i_i_s_m_a_i_l1_6.jpg', NULL, '2025-05-04 08:57:05', '2025-05-04 08:57:05'),
(17, 12, 78, 2, 'cc_meisya_kusuma_wardhani_1.jpg', NULL, '2025-05-04 09:04:22', '2025-05-31 03:37:20'),
(18, 12, 78, 2, 'cc_meisya_kusuma_wardhani_2.jpg', NULL, '2025-05-04 09:04:54', '2025-07-10 23:47:27'),
(19, 12, NULL, 2, 'cc_meisya_kusuma_wardhani_3.jpg', NULL, '2025-05-04 09:05:09', '2025-05-04 09:05:09'),
(20, 12, NULL, 2, 'cc_meisya_kusuma_wardhani_4.jpg', NULL, '2025-05-04 09:05:17', '2025-05-04 09:05:17'),
(21, 12, NULL, 2, 'cc_meisya_kusuma_wardhani_5.jpg', NULL, '2025-05-04 09:05:32', '2025-05-04 09:05:32'),
(22, 12, NULL, 2, 'cc_meisya_kusuma_wardhani_6.jpg', NULL, '2025-05-04 09:05:42', '2025-05-04 09:05:42'),
(23, 12, NULL, 2, 'cc_meisya_kusuma_wardhani_7.jpg', NULL, '2025-05-04 09:06:18', '2025-05-04 09:06:18'),
(24, 12, NULL, 2, 'cc_meisya_kusuma_wardhani_7.jpg', NULL, '2025-05-04 09:06:21', '2025-05-04 09:06:21'),
(25, 12, NULL, 2, 'cc_meisya_kusuma_wardhani_8.jpg', NULL, '2025-05-04 09:06:27', '2025-05-04 09:06:27'),
(26, 12, NULL, 2, 'cc_meisya_kusuma_wardhani_9.jpg', NULL, '2025-05-04 09:06:32', '2025-05-04 09:06:32'),
(27, 12, NULL, 2, 'cc_meisya_kusuma_wardhani_11.jpg', NULL, '2025-05-04 09:06:41', '2025-05-04 09:06:41'),
(28, 13, 78, 3, 'cc_jundi_fadhillah_1.jpg', NULL, '2025-05-04 11:38:27', '2025-05-31 03:34:15'),
(29, 13, 78, 3, 'cc_jundi_fadhillah_2.jpg', NULL, '2025-05-04 11:47:41', '2025-06-10 13:10:58'),
(30, 14, 78, 2, 'cc_maulidya_hasanah_1.jpg', NULL, '2025-05-04 12:00:10', '2025-05-31 03:37:02'),
(31, 15, 78, 2, 'cc_a_d_e_l_a_v_a_n_i_f_e_b_r_a_s_a1_1.jpg', NULL, '2025-05-04 14:58:02', '2025-05-31 03:24:37'),
(32, 16, 78, 2, 'cc_adela_vani_febrasa_1.jpg', NULL, '2025-05-04 15:04:20', '2025-05-31 03:24:56'),
(33, 8, 78, 2, 'cc_z_a_i_z_a_f_u_n_h_a_n_i_f_a_h_z_a_i_n_n_u_r_h_a_n_u_n1_1.jpg', NULL, '2025-05-04 23:52:50', '2025-05-31 03:35:58'),
(34, 17, 78, 2, 'cc_d_e_w_i_k_u_s_u_m_a_w_a_t_i1_1.jpg', NULL, '2025-05-05 00:14:51', '2025-05-31 03:31:03'),
(35, 18, 78, 2, 'cc_dera_amelia_1.png', NULL, '2025-05-05 01:32:26', '2025-05-31 03:27:29'),
(36, 2, 78, 5, 'cc_s_e_l_l_y_j_u_a_n_a_l_y_a_2.jpg', NULL, '2025-05-05 03:06:45', '2025-05-31 03:33:16'),
(37, 19, 78, 3, 'cc_khoirun_nisaa_1.png', NULL, '2025-05-05 04:11:12', '2025-05-31 03:34:56'),
(38, 20, 78, 2, 'cc_nafisah_1.jpg', NULL, '2025-05-05 09:42:12', '2025-05-31 03:30:07'),
(39, 21, 16, 2, 'cc_thalita_1.jpg', NULL, '2025-05-05 11:32:28', '2025-05-12 08:58:56'),
(40, 22, 78, 1, 'cc_novian_salam_purnomo_1.jpg', NULL, '2025-05-05 12:17:25', '2025-05-31 03:29:54'),
(41, 23, 78, 2, 'cc_gita_sasadhara_insurya_1.jpg', NULL, '2025-05-05 12:23:21', '2025-05-31 03:32:21'),
(42, 23, 78, 2, 'cc_gita_sasadhara_insurya_1.jpg', NULL, '2025-05-05 12:23:24', '2025-07-10 23:43:15'),
(43, 24, 78, 1, 'cc_sandhy_lintang_satriyo_1.jpg', NULL, '2025-05-05 12:23:53', '2025-05-31 03:29:32'),
(44, 24, 78, 1, 'cc_sandhy_lintang_satriyo_2.jpg', NULL, '2025-05-05 12:24:21', '2025-05-31 03:29:36'),
(45, 25, 78, 2, 'cc_windi_septiana_1.jpg', NULL, '2025-05-05 12:25:31', '2025-05-31 03:28:54'),
(46, 26, 78, 1, 'cc_diana_eka_saputri_1.jpg', NULL, '2025-05-05 12:42:04', '2025-05-31 03:31:20'),
(47, 26, 78, 1, 'cc_diana_eka_saputri_1.jpg', NULL, '2025-05-05 12:42:12', '2025-05-31 03:31:23'),
(48, 26, 78, 1, 'cc_diana_eka_saputri_3.jpg', NULL, '2025-05-05 12:42:51', '2025-05-31 03:31:25'),
(49, 30, 16, 5, 'cc_f_a_t_i_m_a_h_n_u_r_m_a_w_a_t_i1_1.jpg', NULL, '2025-05-07 10:25:18', '2025-05-12 09:02:38'),
(50, 31, 16, 9, 'cc_f_a_d_i_l_a_h_h_a_k_a_n_m_a_d_j_i_d1_1.jpg', NULL, '2025-05-08 10:51:33', '2025-05-12 09:00:44'),
(51, 32, 78, 1, 'cc_izella_kazbiika_1.jpg', NULL, '2025-05-08 12:14:10', '2025-05-31 03:33:50'),
(52, 33, 78, 2, 'cc_bian_oxaprilia_1.jpg', NULL, '2025-05-09 05:00:02', '2025-05-31 03:25:26'),
(53, 34, 78, 5, 'cc_a_b_i_a_n_s_h_a_h_a_b_d_u_l_l_a_h1_1.jpg', NULL, '2025-05-10 13:54:37', '2025-05-31 03:23:36'),
(54, 19, 78, 3, 'cc_khoirun_nisaa_2.png', NULL, '2025-05-11 14:40:06', '2025-06-24 00:50:51'),
(55, 29, 78, 2, 'cc_r_a_i_a_d_i_g_n_a_a_m_a_n_d_a_1.jpg', NULL, '2025-05-12 08:57:55', '2025-05-31 03:35:47'),
(56, 5, 78, 8, 'cc_dimas_kendika_2.jpg', NULL, '2025-05-12 08:58:34', '2025-07-10 23:47:57'),
(57, 33, 78, 2, 'cc_bian_oxaprilia_2.jpg', NULL, '2025-05-12 09:01:14', '2025-06-10 13:11:29'),
(58, 4, 78, 1, 'CTR_322_receipt.webp', NULL, '2025-05-20 03:54:21', '2025-05-31 03:32:01'),
(59, 18, 78, 2, 'CTR_852_receipt.webp', NULL, '2025-05-20 03:58:16', '2025-07-10 23:42:13'),
(60, 8, 78, 1, 'CTR_592_receipt.webp', NULL, '2025-05-20 04:03:38', '2025-05-31 03:36:07'),
(61, 36, 78, 1, 'CTR_291_receipt.webp', NULL, '2025-05-21 16:59:54', '2025-05-31 03:28:39'),
(62, 36, 78, 1, 'CTR_292_receipt.webp', NULL, '2025-05-21 17:00:28', '2025-05-31 03:28:43'),
(63, 20, 78, 1, 'CTR_532_receipt.webp', NULL, '2025-05-30 13:50:18', '2025-05-31 03:30:30'),
(64, 32, 78, 1, 'CTR_542_receipt.webp', NULL, '2025-05-31 03:53:24', '2025-06-10 13:10:00'),
(65, 26, 78, 1, 'CTR_394_receipt.webp', NULL, '2025-05-31 11:52:25', '2025-06-24 00:42:53'),
(66, 37, 78, 2, 'CTR_631_receipt.webp', NULL, '2025-06-01 02:34:48', '2025-06-01 02:35:59'),
(67, 37, NULL, 2, 'CTR_632_receipt.webp', NULL, '2025-06-01 02:35:23', '2025-07-11 00:10:20'),
(68, 37, NULL, 2, 'CTR_633_receipt.webp', NULL, '2025-06-01 02:35:57', '2025-07-11 00:10:35'),
(69, 17, 78, 1, 'CTR_682_receipt.webp', NULL, '2025-06-02 01:58:55', '2025-06-24 00:41:45'),
(70, 12, 78, 2, 'CTR_6212_receipt.webp', NULL, '2025-06-02 12:46:35', '2025-07-11 00:15:36'),
(71, 38, 78, 2, 'CTR_601_receipt.webp', NULL, '2025-06-04 13:08:19', '2025-06-24 00:55:40'),
(72, 15, 78, 1, 'CTR_302_receipt.webp', NULL, '2025-06-06 23:43:31', '2025-06-24 00:34:13'),
(73, 6, 78, 1, 'CTR_522_receipt.webp', NULL, '2025-06-07 02:19:30', '2025-06-24 00:53:21'),
(74, 13, 78, 2, 'CTR_113_receipt.webp', NULL, '2025-06-09 15:33:35', '2025-06-10 13:11:02'),
(75, 3, NULL, 1, 'CTR_677_receipt.webp', NULL, '2025-06-09 19:07:35', '2025-06-09 19:07:35'),
(76, 3, NULL, 1, 'CTR_677_receipt.webp', NULL, '2025-06-09 19:07:35', '2025-06-09 19:07:35'),
(77, 3, NULL, 1, 'CTR_679_receipt.webp', NULL, '2025-06-09 19:43:48', '2025-06-09 19:43:48'),
(78, 10, 78, 1, 'CTR_333_receipt.webp', NULL, '2025-06-10 08:16:44', '2025-07-10 23:42:55'),
(79, 21, 78, 2, 'CTR_572_receipt.webp', NULL, '2025-06-10 09:17:23', '2025-07-10 23:45:04'),
(80, 39, 78, 4, 'CTR_661_receipt.webp', NULL, '2025-06-10 09:42:47', '2025-07-10 23:48:36'),
(81, 39, NULL, 4, 'CTR_662_receipt.webp', NULL, '2025-06-10 09:44:02', '2025-06-10 09:44:02'),
(82, 40, 78, 1, 'CTR_961_receipt.webp', NULL, '2025-06-10 12:57:03', '2025-06-10 13:11:55'),
(83, 40, 78, 1, 'CTR_962_receipt.webp', NULL, '2025-06-10 12:57:31', '2025-06-24 00:49:58'),
(84, 40, 78, 1, 'CTR_963_receipt.webp', NULL, '2025-06-10 12:57:53', '2025-07-10 23:48:07'),
(85, 27, 78, 1, 'CTR_281_receipt.webp', NULL, '2025-06-10 13:18:14', '2025-06-10 13:28:44'),
(86, 27, 78, 1, 'CTR_282_receipt.webp', NULL, '2025-06-10 13:20:17', '2025-06-24 00:44:59'),
(87, 27, NULL, 1, 'CTR_283_receipt.webp', NULL, '2025-06-10 13:20:43', '2025-06-10 13:20:43'),
(88, 27, NULL, 1, 'CTR_283_receipt.webp', NULL, '2025-06-10 13:20:44', '2025-06-10 13:20:44'),
(89, 27, NULL, 1, 'CTR_285_receipt.webp', NULL, '2025-06-10 13:20:52', '2025-06-10 13:20:52'),
(90, 27, NULL, 1, 'CTR_285_receipt.webp', NULL, '2025-06-10 13:20:54', '2025-06-10 13:20:54'),
(91, 27, NULL, 1, 'CTR_285_receipt.webp', NULL, '2025-06-10 13:20:56', '2025-06-10 13:20:56'),
(92, 27, NULL, 1, 'CTR_285_receipt.webp', NULL, '2025-06-10 13:20:56', '2025-06-10 13:20:56'),
(93, 27, NULL, 1, 'CTR_285_receipt.webp', NULL, '2025-06-10 13:20:59', '2025-06-10 13:20:59'),
(94, 27, NULL, 1, 'CTR_286_receipt.webp', NULL, '2025-06-10 13:21:00', '2025-06-10 13:21:00'),
(95, 27, NULL, 1, 'CTR_286_receipt.webp', NULL, '2025-06-10 13:21:00', '2025-06-10 13:21:00'),
(96, 27, NULL, 1, 'CTR_287_receipt.webp', NULL, '2025-06-10 13:21:01', '2025-06-10 13:21:01'),
(97, 27, NULL, 1, 'CTR_286_receipt.webp', NULL, '2025-06-10 13:21:01', '2025-06-10 13:21:01'),
(98, 27, NULL, 1, 'CTR_285_receipt.webp', NULL, '2025-06-10 13:21:02', '2025-06-10 13:21:02'),
(99, 27, NULL, 1, 'CTR_287_receipt.webp', NULL, '2025-06-10 13:21:02', '2025-06-10 13:21:02'),
(100, 27, NULL, 1, 'CTR_289_receipt.webp', NULL, '2025-06-10 13:21:03', '2025-06-10 13:21:03'),
(101, 27, NULL, 1, 'CTR_289_receipt.webp', NULL, '2025-06-10 13:21:04', '2025-06-10 13:21:04'),
(102, 27, NULL, 1, 'CTR_287_receipt.webp', NULL, '2025-06-10 13:21:04', '2025-06-10 13:21:04'),
(103, 27, NULL, 1, 'CTR_289_receipt.webp', NULL, '2025-06-10 13:21:05', '2025-06-10 13:21:05'),
(104, 27, NULL, 1, 'CTR_2812_receipt.webp', NULL, '2025-06-10 13:21:07', '2025-06-10 13:21:07'),
(105, 27, NULL, 1, 'CTR_2821_receipt.webp', NULL, '2025-06-10 13:21:20', '2025-06-10 13:21:20'),
(106, 27, NULL, 1, 'CTR_2821_receipt.webp', NULL, '2025-06-10 13:21:21', '2025-06-10 13:21:21'),
(107, 27, NULL, 1, 'CTR_2823_receipt.webp', NULL, '2025-06-10 13:21:37', '2025-06-10 13:21:37'),
(108, 27, NULL, 1, 'CTR_2824_receipt.webp', NULL, '2025-06-10 13:25:18', '2025-06-10 13:25:18'),
(109, 27, NULL, 1, 'CTR_2824_receipt.webp', NULL, '2025-06-10 13:25:22', '2025-06-10 13:25:22'),
(110, 27, NULL, 1, 'CTR_2824_receipt.webp', NULL, '2025-06-10 13:25:23', '2025-06-10 13:25:23'),
(111, 27, NULL, 1, 'CTR_2824_receipt.webp', NULL, '2025-06-10 13:25:26', '2025-06-10 13:25:26'),
(112, 27, NULL, 1, 'CTR_2825_receipt.webp', NULL, '2025-06-10 13:25:27', '2025-06-10 13:25:27'),
(113, 27, NULL, 1, 'CTR_2825_receipt.webp', NULL, '2025-06-10 13:25:27', '2025-06-10 13:25:27'),
(114, 27, NULL, 1, 'CTR_2825_receipt.webp', NULL, '2025-06-10 13:25:28', '2025-06-10 13:25:28'),
(115, 27, NULL, 1, 'CTR_2825_receipt.webp', NULL, '2025-06-10 13:25:28', '2025-06-10 13:25:28'),
(116, 27, NULL, 1, 'CTR_2825_receipt.webp', NULL, '2025-06-10 13:25:28', '2025-06-10 13:25:28'),
(117, 27, NULL, 1, 'CTR_2825_receipt.webp', NULL, '2025-06-10 13:25:28', '2025-06-10 13:25:28'),
(118, 27, NULL, 1, 'CTR_2825_receipt.webp', NULL, '2025-06-10 13:25:28', '2025-06-10 13:25:28'),
(119, 27, NULL, 1, 'CTR_2825_receipt.webp', NULL, '2025-06-10 13:25:29', '2025-06-10 13:25:29'),
(120, 27, NULL, 1, 'CTR_2836_receipt.webp', NULL, '2025-06-10 13:28:04', '2025-06-10 13:31:51'),
(121, 27, NULL, 8, 'CTR_2837_receipt.webp', NULL, '2025-06-10 13:32:52', '2025-06-10 13:32:52'),
(122, 27, NULL, 8, 'CTR_2837_receipt.webp', NULL, '2025-06-10 13:32:52', '2025-06-10 13:32:52'),
(123, 27, NULL, 8, 'CTR_2837_receipt.webp', NULL, '2025-06-10 13:32:54', '2025-06-10 13:32:54'),
(124, 27, NULL, 8, 'CTR_2837_receipt.webp', NULL, '2025-06-10 13:32:56', '2025-06-10 13:32:56'),
(125, 27, NULL, 8, 'CTR_2837_receipt.webp', NULL, '2025-06-10 13:32:58', '2025-06-10 13:32:58'),
(126, 27, 78, 8, 'CTR_2837_receipt.webp', NULL, '2025-06-10 13:33:00', '2025-06-24 00:45:20'),
(127, 41, 78, 2, 'CTR_651_receipt.webp', NULL, '2025-06-10 13:33:50', '2025-07-10 23:45:57'),
(128, 42, 78, 3, 'CTR_241_receipt.webp', NULL, '2025-06-10 13:36:53', '2025-07-10 23:41:53'),
(129, 35, 78, 1, 'CTR_441_receipt.webp', NULL, '2025-06-10 16:49:45', '2025-06-24 00:39:33'),
(130, 25, 78, 1, 'CTR_552_receipt.webp', NULL, '2025-06-11 00:11:32', '2025-06-24 00:58:49'),
(131, 33, 78, 5, 'CTR_223_receipt.webp', NULL, '2025-06-11 08:06:55', '2025-07-10 23:41:36'),
(132, 29, 78, 1, 'CTR_132_receipt.webp', NULL, '2025-06-11 09:10:11', '2025-07-10 23:47:49'),
(133, 29, NULL, 1, 'CTR_133_receipt.webp', NULL, '2025-06-11 09:10:20', '2025-06-11 09:10:20'),
(134, 29, NULL, 1, 'CTR_134_receipt.webp', NULL, '2025-06-11 09:10:29', '2025-06-11 09:10:29'),
(135, 29, NULL, 1, 'CTR_135_receipt.webp', NULL, '2025-06-11 09:11:10', '2025-06-11 09:11:10'),
(136, 43, 78, 1, 'CTR_641_receipt.webp', NULL, '2025-06-11 13:04:37', '2025-07-10 23:45:14'),
(137, 29, NULL, 1, 'CTR_136_receipt.webp', NULL, '2025-06-11 16:14:50', '2025-06-11 16:14:50'),
(138, 14, 78, 2, 'CTR_612_receipt.webp', NULL, '2025-06-11 19:55:05', '2025-06-24 00:51:04'),
(139, 44, 78, 5, 'CTR_121_receipt.webp', NULL, '2025-06-25 11:57:47', '2025-07-10 23:42:01'),
(140, 32, 78, 1, 'CTR_543_receipt.webp', NULL, '2025-06-26 14:25:15', '2025-07-10 23:46:22'),
(141, 32, 78, 1, 'CTR_544_receipt.webp', NULL, '2025-06-26 14:25:41', '2025-07-10 23:46:32'),
(142, 15, 78, 1, 'CTR_303_receipt.webp', NULL, '2025-06-27 12:18:22', '2025-07-10 23:46:52'),
(143, 43, 78, 1, 'CTR_642_receipt.webp', NULL, '2025-06-30 15:12:54', '2025-07-10 23:45:27'),
(144, 43, NULL, 1, 'CTR_643_receipt.webp', NULL, '2025-06-30 15:13:09', '2025-07-10 23:45:48'),
(145, 43, NULL, 1, 'CTR_644_receipt.webp', NULL, '2025-06-30 15:14:03', '2025-06-30 15:14:03'),
(146, 22, 78, 1, 'CTR_872_receipt.webp', NULL, '2025-06-30 15:34:29', '2025-07-10 23:47:08'),
(147, 7, 78, 1, 'CTR_562_receipt.webp', NULL, '2025-07-01 09:55:00', '2025-07-10 23:47:41'),
(148, 43, NULL, 1, 'CTR_645_receipt.webp', NULL, '2025-07-01 12:59:21', '2025-07-01 12:59:21'),
(149, 20, 78, 2, 'CTR_533_receipt.webp', NULL, '2025-07-02 06:29:45', '2025-07-10 23:49:00'),
(150, 20, NULL, 2, 'CTR_534_receipt.webp', NULL, '2025-07-02 06:30:29', '2025-07-02 06:30:29'),
(151, 3, NULL, 1, 'CTR_6710_receipt.webp', NULL, '2025-07-10 09:35:52', '2025-07-10 23:44:41'),
(152, 3, 78, 1, 'CTR_6711_receipt.webp', NULL, '2025-07-10 09:37:05', '2025-07-10 23:44:20'),
(153, 4, 78, 1, 'CTR_323_receipt.webp', NULL, '2025-07-10 09:37:12', '2025-07-10 23:42:31'),
(154, 7, NULL, 1, 'CTR_563_receipt.webp', NULL, '2025-07-10 11:41:14', '2025-07-10 11:41:14'),
(155, 7, NULL, 1, 'CTR_564_receipt.webp', NULL, '2025-07-10 11:41:26', '2025-07-10 11:41:26'),
(156, 7, NULL, 1, 'CTR_564_receipt.webp', NULL, '2025-07-10 11:41:36', '2025-07-10 11:41:36'),
(157, 25, 78, 2, 'CTR_553_receipt.webp', NULL, '2025-07-10 11:58:05', '2025-07-10 23:42:45'),
(158, 19, 78, 3, 'CTR_313_receipt.webp', NULL, '2025-07-10 12:41:20', '2025-07-10 23:48:17'),
(159, 29, NULL, 1, 'CTR_137_receipt.webp', NULL, '2025-07-13 14:21:51', '2025-07-13 14:21:51'),
(160, 35, NULL, 8, 'CTR_442_receipt.webp', NULL, '2025-07-20 08:46:53', '2025-07-20 08:46:53'),
(161, 35, NULL, 1, 'CTR_443_receipt.webp', NULL, '2025-07-20 08:47:35', '2025-07-20 08:47:35'),
(162, 28, 78, 2, 'CTR_781_receipt.webp', NULL, '2025-07-21 02:46:04', '2025-07-21 02:46:37');

-- --------------------------------------------------------

--
-- Table structure for table `customer_feedback`
--

CREATE TABLE `customer_feedback` (
  `id` bigint(20) UNSIGNED NOT NULL,
  `customer_id` int(11) NOT NULL,
  `rate` int(11) NOT NULL,
  `message` varchar(255) NOT NULL,
  `deleted_at` timestamp NULL DEFAULT NULL,
  `created_at` timestamp NULL DEFAULT NULL,
  `updated_at` timestamp NULL DEFAULT NULL
) ENGINE=InnoDB DEFAULT CHARSET=utf8mb4 COLLATE=utf8mb4_unicode_ci;

-- --------------------------------------------------------

--
-- Table structure for table `customer_voucher`
--

CREATE TABLE `customer_voucher` (
  `customer_id` int(11) NOT NULL DEFAULT 0,
  `voucher_id` int(11) NOT NULL DEFAULT 0,
  `use_date` date DEFAULT NULL,
  `deleted_at` timestamp NULL DEFAULT NULL,
  `created_at` timestamp NULL DEFAULT NULL,
  `updated_at` timestamp NULL DEFAULT NULL
) ENGINE=InnoDB DEFAULT CHARSET=utf8mb4 COLLATE=utf8mb4_unicode_ci;

--
-- Dumping data for table `customer_voucher`
--

INSERT INTO `customer_voucher` (`customer_id`, `voucher_id`, `use_date`, `deleted_at`, `created_at`, `updated_at`) VALUES
(13, 3, NULL, NULL, '2025-06-11 17:24:46', '2025-06-11 17:24:46');

-- --------------------------------------------------------

--
-- Table structure for table `department`
--

CREATE TABLE `department` (
  `id` bigint(20) UNSIGNED NOT NULL,
  `name` varchar(255) NOT NULL,
  `manager_id` int(11) NOT NULL DEFAULT 0,
  `budget` int(11) NOT NULL DEFAULT 0,
  `expense` int(11) NOT NULL DEFAULT 0,
  `disbursement` int(11) NOT NULL DEFAULT 0,
  `deleted_at` timestamp NULL DEFAULT NULL,
  `created_at` timestamp NULL DEFAULT NULL,
  `updated_at` timestamp NULL DEFAULT NULL
) ENGINE=InnoDB DEFAULT CHARSET=utf8mb4 COLLATE=utf8mb4_unicode_ci;

--
-- Dumping data for table `department`
--

INSERT INTO `department` (`id`, `name`, `manager_id`, `budget`, `expense`, `disbursement`, `deleted_at`, `created_at`, `updated_at`) VALUES
(1, 'Ekotif', 1, 0, 0, 0, '2024-12-04 18:14:29', '2024-11-22 01:30:13', '2024-12-04 18:14:29'),
(2, 'Coba-coba', 6, 0, 0, 0, '2024-11-22 01:46:57', '2024-11-22 01:46:39', '2024-11-22 01:46:57'),
(3, 'Test1', 1, 0, 40000, 300000, '2025-02-13 11:32:57', '2024-12-12 11:49:24', '2025-02-13 11:32:57'),
(4, 'Operating', 11, 0, 0, 0, NULL, '2025-02-13 12:54:33', '2025-04-23 09:37:14'),
(5, 'Human Resource', 14, 10218000, -15000, 0, NULL, '2025-02-13 12:54:53', '2025-06-10 09:53:19'),
(6, 'Financial', 24, 0, 0, 0, NULL, '2025-02-13 12:57:11', '2025-03-21 09:03:43'),
(7, 'Public Relation', 23, 0, 0, 0, NULL, '2025-03-21 09:02:08', '2025-03-21 09:02:08'),
(8, 'Marketing & Medinfo', 13, 1480000, 0, 0, NULL, '2025-03-21 09:02:22', '2025-06-10 12:51:15'),
(9, 'Production', 15, 240000, 0, 0, NULL, '2025-03-21 09:04:04', '2025-05-12 08:49:59'),
(10, 'Sales Distribution', 21, 297000, 0, 0, NULL, '2025-04-23 09:35:48', '2025-05-08 13:01:18'),
(11, 'Administration', 22, 496000, 0, 0, NULL, '2025-04-23 09:36:36', '2025-06-11 00:43:51'),
(12, 'CO CEO', 16, 140000, 0, 0, NULL, '2025-04-25 06:19:01', '2025-05-30 12:27:05'),
(13, 'CEO', 12, 60000, 0, 0, NULL, '2025-04-25 06:19:15', '2025-05-12 08:56:31'),
(14, 'Testing', 3, 0, 0, 0, '2025-04-26 05:12:38', '2025-04-25 13:35:19', '2025-04-26 05:12:38'),
(15, 'Testing', 3, 0, 0, 0, '2025-04-28 13:44:10', '2025-04-28 13:09:10', '2025-04-28 13:44:10'),
(16, 'Testing', 3, 0, 0, 0, NULL, '2025-06-09 10:56:50', '2025-06-09 10:56:50');

-- --------------------------------------------------------

--
-- Table structure for table `disbursement_item`
--

CREATE TABLE `disbursement_item` (
  `id` bigint(20) UNSIGNED NOT NULL,
  `name` varchar(255) NOT NULL,
  `program_id` int(11) NOT NULL,
  `letter_id` int(11) NOT NULL,
  `financial_id` int(11) NOT NULL,
  `price` int(11) NOT NULL,
  `reciept` varchar(255) NOT NULL,
  `deleted_at` timestamp NULL DEFAULT NULL,
  `created_at` timestamp NULL DEFAULT NULL,
  `updated_at` timestamp NULL DEFAULT NULL
) ENGINE=InnoDB DEFAULT CHARSET=utf8mb4 COLLATE=utf8mb4_unicode_ci;

--
-- Dumping data for table `disbursement_item`
--

INSERT INTO `disbursement_item` (`id`, `name`, `program_id`, `letter_id`, `financial_id`, `price`, `reciept`, `deleted_at`, `created_at`, `updated_at`) VALUES
(1, 'Pencairan 30%', 2, 1, 3, 300000, 'di_program_tes_1737987061.png', NULL, '2025-01-27 14:11:01', '2025-01-27 14:11:01'),
(3, 'pencairan 2', 5, 3, 24, 200000, 'di_upgrading_1739452852.jpg', '2025-05-04 07:14:45', '2025-02-13 13:20:52', '2025-05-04 07:14:45'),
(4, 'pencairan 2', 5, 4, 24, 300000, 'di_upgrading_1739454687.jpg', '2025-05-04 07:14:41', '2025-02-13 13:51:27', '2025-05-04 07:14:41'),
(5, 'pencairan 3', 5, 5, 24, 250000, 'di_upgrading_1739454783.jpg', '2025-05-04 07:14:38', '2025-02-13 13:53:03', '2025-05-04 07:14:38');

-- --------------------------------------------------------

--
-- Table structure for table `disbursement_letter`
--

CREATE TABLE `disbursement_letter` (
  `id` bigint(20) UNSIGNED NOT NULL,
  `program_id` varchar(255) NOT NULL,
  `letter` varchar(255) NOT NULL,
  `deleted_at` timestamp NULL DEFAULT NULL,
  `created_at` timestamp NULL DEFAULT NULL,
  `updated_at` timestamp NULL DEFAULT NULL
) ENGINE=InnoDB DEFAULT CHARSET=utf8mb4 COLLATE=utf8mb4_unicode_ci;

--
-- Dumping data for table `disbursement_letter`
--

INSERT INTO `disbursement_letter` (`id`, `program_id`, `letter`, `deleted_at`, `created_at`, `updated_at`) VALUES
(1, '2', 'disbursement_letter_program_tes_1734627134.pdf', NULL, '2024-12-19 16:52:14', '2024-12-19 16:52:14'),
(2, '5', 'disbursement_letter_upgrading_1739452200.pdf', '2025-02-13 13:18:56', '2025-02-13 13:10:00', '2025-02-13 13:18:56'),
(3, '5', 'disbursement_letter_upgrading_1739452797.pdf', NULL, '2025-02-13 13:19:57', '2025-02-13 13:19:57'),
(4, '5', 'disbursement_letter_upgrading_1739454612.pdf', NULL, '2025-02-13 13:50:12', '2025-02-13 13:50:12'),
(5, '5', 'disbursement_letter_upgrading_1739454725.pdf', NULL, '2025-02-13 13:52:05', '2025-02-13 13:52:05'),
(6, '16', 'disbursement_letter_website_s_e_e_o_1747038736.pdf', '2025-06-09 10:41:35', '2025-05-12 08:32:23', '2025-06-09 10:41:35'),
(7, '20', 'disbursement_letter_upgrading1-3_1747039869.pdf', NULL, '2025-05-12 08:51:14', '2025-05-12 08:51:14'),
(8, '20', 'disbursement_letter_upgrading1-3_1747039876.pdf', NULL, '2025-05-12 08:51:23', '2025-05-12 08:51:23'),
(9, '20', 'disbursement_letter_upgrading1-3_1747039877.pdf', NULL, '2025-05-12 08:51:24', '2025-05-12 08:51:24'),
(10, '64', 'disbursement_letter_s_h_i_p_p_i_n_g_1747039926.pdf', NULL, '2025-05-12 08:52:11', '2025-05-12 08:52:11'),
(11, '64', 'disbursement_letter_s_h_i_p_p_i_n_g_1747039935.pdf', NULL, '2025-05-12 08:52:23', '2025-05-12 08:52:23'),
(12, '16', 'disbursement_letter_website_s_e_e_o_1749466585.pdf', '2025-06-09 10:57:36', '2025-06-09 10:56:30', '2025-06-09 10:57:36'),
(13, '16', 'disbursement_letter_website_s_e_e_o_1749466683.pdf', '2025-06-09 11:00:41', '2025-06-09 10:58:09', '2025-06-09 11:00:41'),
(14, '80', 'disbursement_letter_testing_1749466689.pdf', NULL, '2025-06-09 10:58:16', '2025-06-09 10:58:16'),
(15, '16', 'disbursement_letter_website_s_e_e_o_1749466998.pdf', '2025-06-09 11:03:39', '2025-06-09 11:03:23', '2025-06-09 11:03:39'),
(16, '16', 'disbursement_letter_website_s_e_e_o_1749467047.pdf', '2025-06-09 11:04:28', '2025-06-09 11:04:14', '2025-06-09 11:04:28'),
(17, '16', 'disbursement_letter_website_s_e_e_o_1749467098.pdf', NULL, '2025-06-09 11:05:04', '2025-06-09 11:05:04'),
(18, '6', 'disbursement_letter_ent_class_1749467167.pdf', NULL, '2025-06-09 11:06:12', '2025-06-09 11:06:12'),
(19, '22', 'disbursement_letter_internship_1751205724.pdf', NULL, '2025-06-29 14:02:10', '2025-06-29 14:02:10');

-- --------------------------------------------------------

--
-- Table structure for table `expense_item`
--

CREATE TABLE `expense_item` (
  `id` bigint(20) UNSIGNED NOT NULL,
  `program_id` int(11) NOT NULL,
  `name` varchar(255) NOT NULL,
  `price` int(11) NOT NULL,
  `qty` int(11) NOT NULL,
  `unit` varchar(255) NOT NULL,
  `total_price` int(11) NOT NULL,
  `financial_id` int(11) DEFAULT NULL,
  `reciept` varchar(255) DEFAULT NULL,
  `deleted_at` timestamp NULL DEFAULT NULL,
  `created_at` timestamp NULL DEFAULT NULL,
  `updated_at` timestamp NULL DEFAULT NULL
) ENGINE=InnoDB DEFAULT CHARSET=utf8mb4 COLLATE=utf8mb4_unicode_ci;

--
-- Dumping data for table `expense_item`
--

INSERT INTO `expense_item` (`id`, `program_id`, `name`, `price`, `qty`, `unit`, `total_price`, `financial_id`, `reciept`, `deleted_at`, `created_at`, `updated_at`) VALUES
(1, 2, 'Transportasi', 20000, 2, 'person', 40000, 3, 'ei_program_tes_1737987148.png', NULL, '2025-01-27 14:12:28', '2025-01-27 14:12:49'),
(2, 5, 'Snack', 3000, 5, 'pcs', 15000, 12, 'ei_upgrading_1739452945.jpg', '2025-02-15 08:42:38', '2025-02-13 13:22:25', '2025-02-15 08:42:38'),
(3, 5, 'Snack', 3000, 5, 'box', 15000, NULL, 'ei_upgrading_1739609047.jpg', '2025-05-04 07:15:35', '2025-02-15 08:44:07', '2025-05-04 07:15:35');

-- --------------------------------------------------------

--
-- Table structure for table `foods_expense`
--

CREATE TABLE `foods_expense` (
  `id` bigint(20) UNSIGNED NOT NULL,
  `category` varchar(255) NOT NULL,
  `category_id` int(11) NOT NULL,
  `price` int(11) NOT NULL DEFAULT 0,
  `deleted_at` timestamp NULL DEFAULT NULL,
  `created_at` timestamp NULL DEFAULT NULL,
  `updated_at` timestamp NULL DEFAULT NULL
) ENGINE=InnoDB DEFAULT CHARSET=utf8mb4 COLLATE=utf8mb4_unicode_ci;

--
-- Dumping data for table `foods_expense`
--

INSERT INTO `foods_expense` (`id`, `category`, `category_id`, `price`, `deleted_at`, `created_at`, `updated_at`) VALUES
(2, 'stand expense', 2, 150000, '2025-04-26 07:01:38', '2025-02-13 13:56:23', '2025-04-26 07:01:38'),
(3, 'stand expense', 3, 249300, NULL, '2025-04-23 09:30:01', '2025-05-15 00:39:58'),
(4, 'stand expense', 4, 0, '2025-04-26 07:01:29', '2025-04-23 14:17:26', '2025-04-26 07:01:29'),
(5, 'stand expense', 5, 0, '2025-04-26 06:14:25', '2025-04-25 13:59:18', '2025-04-26 06:14:25'),
(6, 'stand expense', 6, 0, '2025-04-26 06:33:20', '2025-04-26 06:32:49', '2025-04-26 06:33:20'),
(7, 'stand expense', 7, 0, '2025-04-26 07:00:51', '2025-04-26 06:35:09', '2025-04-26 07:00:51'),
(8, 'stand expense', 8, 0, '2025-04-26 07:05:16', '2025-04-26 07:02:17', '2025-04-26 07:05:16'),
(9, 'stand expense', 9, 0, '2025-04-26 07:19:43', '2025-04-26 07:15:09', '2025-04-26 07:19:43'),
(10, 'stand expense', 10, 0, '2025-04-27 14:06:56', '2025-04-26 07:48:23', '2025-04-27 14:06:56'),
(11, 'stand expense', 11, 0, '2025-05-02 09:14:13', '2025-04-28 06:14:30', '2025-05-02 09:14:13'),
(12, 'stand expense', 12, 0, '2025-05-07 16:53:07', '2025-05-07 08:46:45', '2025-05-07 16:53:07'),
(13, 'stand expense', 13, 0, '2025-05-07 13:27:05', '2025-05-07 13:26:21', '2025-05-07 13:27:05'),
(14, 'stand expense', 14, 222500, NULL, '2025-05-07 13:29:33', '2025-05-27 02:50:26'),
(15, 'stand expense', 15, 0, '2025-05-10 07:32:21', '2025-05-10 06:24:08', '2025-05-10 07:32:21'),
(16, 'stand expense', 16, 0, '2025-05-19 07:47:06', '2025-05-15 06:10:59', '2025-05-19 07:47:06'),
(17, 'stand expense', 17, 0, '2025-05-24 09:24:55', '2025-05-19 12:04:04', '2025-05-24 09:24:55'),
(18, 'stand expense', 18, 0, '2025-06-04 09:47:54', '2025-06-04 09:47:26', '2025-06-04 09:47:54'),
(19, 'stand expense', 19, 243591, NULL, '2025-06-04 09:48:09', '2025-06-30 04:38:49'),
(20, 'stand expense', 20, 0, NULL, '2025-06-09 10:21:37', '2025-06-09 10:21:37');

-- --------------------------------------------------------

--
-- Table structure for table `foods_income`
--

CREATE TABLE `foods_income` (
  `id` bigint(20) UNSIGNED NOT NULL,
  `category` varchar(255) NOT NULL,
  `category_id` int(11) NOT NULL,
  `price` int(11) NOT NULL DEFAULT 0,
  `deleted_at` timestamp NULL DEFAULT NULL,
  `created_at` timestamp NULL DEFAULT NULL,
  `updated_at` timestamp NULL DEFAULT NULL
) ENGINE=InnoDB DEFAULT CHARSET=utf8mb4 COLLATE=utf8mb4_unicode_ci;

--
-- Dumping data for table `foods_income`
--

INSERT INTO `foods_income` (`id`, `category`, `category_id`, `price`, `deleted_at`, `created_at`, `updated_at`) VALUES
(2, 'program disbursement', 4, 300000, '2025-05-04 07:14:41', '2025-02-13 13:51:27', '2025-05-04 07:14:41'),
(3, 'stand income', 2, 44000, '2025-04-26 07:01:38', '2025-02-13 13:56:23', '2025-04-26 07:01:38'),
(4, 'stand income', 3, 297000, NULL, '2025-04-23 09:30:01', '2025-05-30 09:19:41'),
(5, 'stand income', 4, 0, '2025-04-26 07:01:29', '2025-04-23 14:17:26', '2025-04-26 07:01:29'),
(6, 'stand income', 5, 0, '2025-04-26 06:14:25', '2025-04-25 13:59:18', '2025-04-26 06:14:25'),
(7, 'stand income', 6, 0, '2025-04-26 06:33:20', '2025-04-26 06:32:49', '2025-04-26 06:33:20'),
(8, 'stand income', 7, 0, '2025-04-26 07:00:51', '2025-04-26 06:35:09', '2025-04-26 07:00:51'),
(9, 'stand income', 8, 0, '2025-04-26 07:05:16', '2025-04-26 07:02:17', '2025-04-26 07:05:16'),
(10, 'stand income', 9, 0, '2025-04-26 07:19:43', '2025-04-26 07:15:09', '2025-04-26 07:19:43'),
(11, 'stand income', 10, 0, '2025-04-27 14:06:56', '2025-04-26 07:48:23', '2025-04-27 14:06:56'),
(12, 'stand income', 11, 0, '2025-05-02 09:14:13', '2025-04-28 06:14:30', '2025-05-02 09:14:13'),
(13, 'stand income', 12, 0, '2025-05-07 16:53:07', '2025-05-07 08:46:45', '2025-05-07 16:53:07'),
(14, 'stand income', 13, 0, '2025-05-07 13:27:05', '2025-05-07 13:26:21', '2025-05-07 13:27:05'),
(15, 'stand income', 14, 422000, NULL, '2025-05-07 13:29:33', '2025-06-04 09:44:38'),
(16, 'stand income', 15, 0, '2025-05-10 07:32:21', '2025-05-10 06:24:08', '2025-05-10 07:32:21'),
(17, 'stand income', 16, 0, '2025-05-19 07:47:07', '2025-05-15 06:10:59', '2025-05-19 07:47:07'),
(18, 'stand income', 17, 0, '2025-05-24 09:24:55', '2025-05-19 12:04:04', '2025-05-24 09:24:55'),
(19, 'stand income', 18, 0, '2025-06-04 09:47:54', '2025-06-04 09:47:26', '2025-06-04 09:47:54'),
(20, 'stand income', 19, 384000, NULL, '2025-06-04 09:48:09', '2025-06-30 04:48:52'),
(21, 'stand income', 20, 0, NULL, '2025-06-09 10:21:37', '2025-06-09 10:21:37');

-- --------------------------------------------------------

--
-- Table structure for table `foods_menu`
--

CREATE TABLE `foods_menu` (
  `id` bigint(20) UNSIGNED NOT NULL,
  `name` varchar(255) NOT NULL,
  `volume` varchar(255) DEFAULT NULL,
  `volume_unit` varchar(255) DEFAULT NULL,
  `mass` varchar(255) DEFAULT NULL,
  `mass_unit` varchar(255) DEFAULT NULL,
  `price` int(11) NOT NULL,
  `sale` tinyint(4) NOT NULL DEFAULT 0,
  `stock` tinyint(4) NOT NULL DEFAULT 0,
  `stand_id` int(11) NOT NULL,
  `category` varchar(255) DEFAULT NULL,
  `image` varchar(255) DEFAULT NULL,
  `deleted_at` timestamp NULL DEFAULT NULL,
  `created_at` timestamp NULL DEFAULT NULL,
  `updated_at` timestamp NULL DEFAULT NULL
) ENGINE=InnoDB DEFAULT CHARSET=utf8mb4 COLLATE=utf8mb4_unicode_ci;

--
-- Dumping data for table `foods_menu`
--

INSERT INTO `foods_menu` (`id`, `name`, `volume`, `volume_unit`, `mass`, `mass_unit`, `price`, `sale`, `stock`, `stand_id`, `category`, `image`, `deleted_at`, `created_at`, `updated_at`) VALUES
(1, 'Bucin creamy', '300', 'Ml', NULL, NULL, 10000, 2, 25, 2, NULL, NULL, '2025-04-26 07:01:38', '2025-02-13 14:04:22', '2025-04-26 07:01:38'),
(2, 'Pangsit', NULL, NULL, '250', 'Gram', 8000, 3, 20, 2, NULL, NULL, '2025-04-26 07:01:38', '2025-02-13 14:05:26', '2025-04-26 07:01:38'),
(3, 'Churros', NULL, NULL, '7', 'butir', 9000, 0, 14, 4, NULL, NULL, '2025-04-23 14:21:08', '2025-04-23 14:20:56', '2025-04-23 14:21:08'),
(4, 'Churros', NULL, NULL, '7', 'pcs', 9000, 0, 14, 4, NULL, NULL, '2025-04-23 14:22:17', '2025-04-23 14:21:52', '2025-04-23 14:22:17'),
(5, 'Churros', NULL, NULL, '7', 'pcs', 9000, 0, 14, 4, NULL, NULL, '2025-04-26 07:01:29', '2025-04-23 14:21:53', '2025-04-26 07:01:29'),
(6, 'Bucin Creamy', NULL, NULL, NULL, NULL, 8000, 0, 10, 4, NULL, NULL, '2025-04-26 07:01:29', '2025-04-23 14:32:26', '2025-04-26 07:01:29'),
(7, 'Mango Creamy', NULL, NULL, NULL, NULL, 9000, 0, 10, 4, NULL, NULL, '2025-04-26 07:01:29', '2025-04-23 14:33:15', '2025-04-26 07:01:29'),
(8, 'Test 1', NULL, NULL, NULL, NULL, 1000, 1, 20, 5, NULL, NULL, '2025-04-26 06:14:25', '2025-04-25 15:05:47', '2025-04-26 06:14:25'),
(9, 'Test 2', NULL, NULL, NULL, NULL, 2000, 2, 10, 5, NULL, NULL, '2025-04-26 06:14:25', '2025-04-25 15:06:34', '2025-04-26 06:14:25'),
(10, 'Bucin Creamy', '140', 'Ml', '140', 'Gram', 8000, 9, 10, 3, 'Minuman', NULL, NULL, '2025-04-26 09:05:43', '2025-05-09 07:15:54'),
(11, 'Mango Creamy', '140', 'ml', '140', 'gram', 8000, 0, 10, 3, 'Minuman', NULL, '2025-04-26 09:15:36', '2025-04-26 09:06:28', '2025-04-26 09:15:36'),
(12, 'Mango', '140', 'ml', NULL, NULL, 9000, 9, 10, 3, 'Minuman', NULL, NULL, '2025-04-26 09:16:14', '2025-05-10 06:26:15'),
(13, 'Churros', NULL, NULL, '200', 'gram', 9000, 16, 15, 3, 'Makanan', NULL, NULL, '2025-04-26 09:37:00', '2025-05-06 17:25:41'),
(14, 'Cimol Bojot', NULL, NULL, '150', 'gram', 5000, 0, 15, 14, 'makanan', NULL, '2025-05-12 00:47:37', '2025-05-07 13:36:17', '2025-05-12 00:47:37'),
(15, 'Coco Melon Splash', '150', 'ml', NULL, NULL, 8000, 20, 20, 14, 'minuman', NULL, NULL, '2025-05-12 00:47:00', '2025-05-29 13:50:37'),
(16, 'Cimol Bojot', NULL, NULL, '250', 'gram', 7000, 16, 16, 14, 'makanan', NULL, NULL, '2025-05-12 00:48:18', '2025-05-29 13:45:18'),
(17, 'Cireng Kuah Creamy', NULL, NULL, '250', 'gram', 10000, 15, 15, 14, 'makanan', NULL, NULL, '2025-05-12 00:49:19', '2025-05-29 13:53:37'),
(18, 'Mojito Strawbery', NULL, NULL, NULL, NULL, 7000, 0, 10, 17, 'Drinks', NULL, '2025-05-24 09:24:55', '2025-05-19 12:04:58', '2025-05-24 09:24:55'),
(19, 'Mojito Strawbery', NULL, NULL, NULL, NULL, 7000, 0, 10, 17, 'Drinks', NULL, '2025-05-19 12:05:04', '2025-05-19 12:04:59', '2025-05-19 12:05:04'),
(20, 'Lemon Squash', NULL, NULL, NULL, NULL, 7000, 0, 50, 17, 'Drinks', NULL, '2025-05-24 09:24:55', '2025-05-19 12:05:24', '2025-05-24 09:24:55'),
(21, 'Lemon Squash', NULL, NULL, NULL, NULL, 10000, 0, 10, 20, 'Drinks', 'M_18_090625052638.webp', NULL, '2025-06-09 10:26:46', '2025-06-09 10:26:46'),
(22, 'Dimsum Mentai Chili Oil', NULL, NULL, '100', 'gram', 13000, 0, 15, 19, 'Makanan', 'M_22_090625082328.webp', '2025-06-09 13:29:18', '2025-06-09 13:23:36', '2025-06-09 13:29:18'),
(23, 'Bakmi Ayam Chili Oil', NULL, NULL, '150', 'gram', 9, 0, 12, 19, 'Makanan', 'M_23_090625082528.webp', '2025-06-09 15:53:08', '2025-06-09 13:25:37', '2025-06-09 15:53:08'),
(24, 'Coco Melon Splash', '150', 'ml', NULL, NULL, 8, 0, 12, 19, 'Minuman', 'M_24_090625082652.webp', '2025-06-09 15:54:16', '2025-06-09 13:27:01', '2025-06-09 15:54:16'),
(25, 'Dimsum Mentai Chili Oil', NULL, NULL, '100', 'gram', 13, 0, 15, 19, 'Makanan', 'M_25_090625082858.webp', '2025-06-09 15:50:32', '2025-06-09 13:29:07', '2025-06-09 15:50:32'),
(26, 'Dimsum Mentai Chili Oil', NULL, NULL, '100', 'gram', 9000, 0, 15, 19, 'Makanan', 'M_26_090625105009.webp', '2025-06-09 15:50:48', '2025-06-09 15:50:17', '2025-06-09 15:50:48'),
(27, 'Dimsum Mentai Chili Oil', NULL, NULL, '100', 'gram', 13000, 15, 15, 19, 'Makanan', 'M_25_090625105148.webp', NULL, '2025-06-09 15:51:57', '2025-06-16 13:58:16'),
(28, 'Bakmi Ayam Chili Oil', NULL, NULL, '150', 'gram', 9000, 12, 12, 19, 'Makanan', 'M_28_090625105245.webp', NULL, '2025-06-09 15:52:54', '2025-06-16 14:06:24'),
(29, 'Coco Melon Splash', '150', 'ml', NULL, NULL, 8000, 12, 12, 19, 'Minuman', 'M_29_090625105355.webp', NULL, '2025-06-09 15:54:03', '2025-06-16 14:07:46');

-- --------------------------------------------------------

--
-- Table structure for table `foods_order`
--

CREATE TABLE `foods_order` (
  `id` bigint(20) UNSIGNED NOT NULL,
  `sales_id` varchar(255) NOT NULL,
  `menu_id` varchar(255) NOT NULL,
  `amount` varchar(255) NOT NULL,
  `deleted_at` timestamp NULL DEFAULT NULL,
  `created_at` timestamp NULL DEFAULT NULL,
  `updated_at` timestamp NULL DEFAULT NULL
) ENGINE=InnoDB DEFAULT CHARSET=utf8mb4 COLLATE=utf8mb4_unicode_ci;

--
-- Dumping data for table `foods_order`
--

INSERT INTO `foods_order` (`id`, `sales_id`, `menu_id`, `amount`, `deleted_at`, `created_at`, `updated_at`) VALUES
(1, '1', '2', '2', '2025-05-04 19:15:49', '2025-02-13 14:12:07', '2025-02-13 14:12:07'),
(2, '1', '1', '2', '2025-05-04 19:15:58', '2025-02-13 14:12:07', '2025-02-13 14:12:07'),
(3, '2', '2', '1', '2025-05-04 19:16:10', '2025-02-13 14:14:06', '2025-02-13 14:14:06'),
(4, '3', '8', '1', '2025-05-04 19:16:16', '2025-04-25 15:10:10', '2025-04-25 15:10:10'),
(5, '3', '9', '2', '2025-05-04 19:16:22', '2025-04-25 15:10:10', '2025-04-25 15:10:10'),
(6, '4', '10', '1', NULL, '2025-04-27 07:09:00', '2025-04-27 07:09:00'),
(7, '5', '10', '1', NULL, '2025-04-27 08:46:28', '2025-04-27 08:46:28'),
(8, '6', '13', '1', NULL, '2025-04-27 08:46:45', '2025-04-27 08:46:45'),
(9, '6', '10', '1', NULL, '2025-04-27 08:46:45', '2025-04-27 08:46:45'),
(10, '7', '13', '1', NULL, '2025-04-27 08:47:04', '2025-04-27 08:47:04'),
(11, '7', '12', '1', NULL, '2025-04-27 08:47:04', '2025-04-27 08:47:04'),
(12, '8', '10', '1', '2025-05-09 07:15:54', '2025-04-27 08:47:19', '2025-05-09 07:15:54'),
(13, '9', '12', '1', '2025-05-09 07:15:46', '2025-04-27 08:47:33', '2025-05-09 07:15:46'),
(14, '10', '10', '1', NULL, '2025-04-27 08:47:46', '2025-04-27 08:47:46'),
(15, '11', '10', '1', NULL, '2025-04-27 08:47:57', '2025-04-27 08:47:57'),
(16, '12', '13', '1', NULL, '2025-04-27 08:48:09', '2025-04-27 08:48:09'),
(17, '12', '12', '1', NULL, '2025-04-27 08:48:09', '2025-04-27 08:48:09'),
(18, '13', '10', '1', NULL, '2025-04-27 08:48:28', '2025-04-27 08:48:28'),
(19, '14', '13', '2', NULL, '2025-04-27 08:48:40', '2025-04-27 08:48:40'),
(20, '15', '13', '1', NULL, '2025-04-27 08:48:50', '2025-04-27 08:48:50'),
(21, '16', '13', '1', NULL, '2025-04-27 08:49:06', '2025-04-27 08:49:06'),
(22, '16', '10', '1', NULL, '2025-04-27 08:49:06', '2025-04-27 08:49:06'),
(23, '17', '12', '1', NULL, '2025-04-27 08:49:26', '2025-04-27 08:49:26'),
(24, '18', '13', '1', NULL, '2025-04-27 08:49:41', '2025-04-27 08:49:41'),
(25, '18', '10', '1', NULL, '2025-04-27 08:49:41', '2025-04-27 08:49:41'),
(26, '19', '13', '1', NULL, '2025-04-27 08:50:15', '2025-04-27 08:50:15'),
(27, '19', '12', '1', NULL, '2025-04-27 08:50:15', '2025-04-27 08:50:15'),
(28, '20', '10', '1', NULL, '2025-04-27 08:50:33', '2025-04-27 08:50:33'),
(29, '20', '13', '1', NULL, '2025-04-27 08:50:33', '2025-04-27 08:50:33'),
(30, '21', '13', '1', '2025-05-05 10:34:28', '2025-04-27 08:50:42', '2025-05-05 10:34:28'),
(31, '21', '12', '1', '2025-05-05 10:34:28', '2025-04-27 08:50:42', '2025-05-05 10:34:28'),
(32, '22', '12', '1', '2025-05-05 10:34:50', '2025-04-27 08:50:52', '2025-05-05 10:34:50'),
(33, '23', '13', '1', '2025-05-05 10:33:51', '2025-04-27 08:51:03', '2025-05-05 10:33:51'),
(34, '24', '13', '1', NULL, '2025-04-27 08:51:11', '2025-04-27 08:51:11'),
(35, '25', '12', '1', NULL, '2025-04-27 08:51:21', '2025-05-10 06:26:15'),
(36, '26', '12', '1', NULL, '2025-04-27 08:51:35', '2025-04-27 08:51:35'),
(37, '27', '13', '1', NULL, '2025-04-27 08:51:42', '2025-04-27 08:51:42'),
(38, '28', '12', '1', NULL, '2025-04-27 08:51:52', '2025-04-27 08:51:52'),
(39, '29', '13', '1', NULL, '2025-04-27 08:52:03', '2025-04-27 08:52:03'),
(40, '30', '13', '1', NULL, '2025-05-06 17:21:18', '2025-05-06 17:21:18'),
(41, '30', '12', '1', NULL, '2025-05-06 17:21:18', '2025-05-06 17:21:18'),
(42, '31', '13', '1', NULL, '2025-05-06 17:24:05', '2025-05-06 17:24:05'),
(43, '32', '13', '1', NULL, '2025-05-06 17:25:41', '2025-05-06 17:25:41'),
(44, '33', '12', '1', NULL, '2025-05-08 12:09:33', '2025-05-08 12:09:33'),
(45, '34', '16', '1', NULL, '2025-05-18 05:16:28', '2025-05-18 05:16:28'),
(46, '35', '15', '4', '2025-05-21 13:21:03', '2025-05-18 05:20:19', '2025-05-21 13:21:03'),
(47, '36', '16', '1', NULL, '2025-05-19 06:28:55', '2025-05-19 06:28:55'),
(48, '37', '17', '1', NULL, '2025-05-19 06:33:39', '2025-05-19 06:33:39'),
(49, '38', '17', '1', NULL, '2025-05-19 06:38:16', '2025-05-19 06:38:16'),
(50, '39', '16', '1', NULL, '2025-05-19 06:41:09', '2025-05-19 06:41:09'),
(51, '40', '17', '1', NULL, '2025-05-19 06:44:33', '2025-05-19 06:44:33'),
(52, '41', '17', '1', NULL, '2025-05-19 06:46:41', '2025-05-19 06:46:41'),
(53, '42', '16', '1', NULL, '2025-05-19 06:48:12', '2025-05-19 06:48:12'),
(54, '43', '16', '1', NULL, '2025-05-19 06:49:16', '2025-05-19 06:49:16'),
(55, '44', '15', '1', NULL, '2025-05-19 06:53:30', '2025-05-19 06:53:30'),
(56, '45', '15', '1', NULL, '2025-05-19 06:55:57', '2025-05-19 06:55:57'),
(57, '46', '15', '1', NULL, '2025-05-19 06:59:38', '2025-05-19 06:59:38'),
(58, '47', '15', '1', NULL, '2025-05-19 07:03:32', '2025-05-19 07:03:32'),
(59, '48', '15', '1', NULL, '2025-05-19 07:06:30', '2025-05-19 07:06:30'),
(60, '49', '15', '1', NULL, '2025-05-19 07:14:37', '2025-05-19 07:14:37'),
(61, '50', '15', '1', NULL, '2025-05-19 07:15:17', '2025-05-19 07:15:17'),
(62, '51', '15', '1', NULL, '2025-05-19 07:16:49', '2025-05-19 07:16:49'),
(63, '52', '17', '1', NULL, '2025-05-19 07:18:14', '2025-05-19 07:18:14'),
(64, '53', '20', '1', '2025-05-19 12:42:37', '2025-05-19 12:38:29', '2025-05-19 12:42:37'),
(65, '53', '18', '2', '2025-05-19 12:42:37', '2025-05-19 12:38:29', '2025-05-19 12:42:37'),
(66, '54', '15', '4', NULL, '2025-05-21 13:22:44', '2025-05-21 13:22:44'),
(67, '55', '16', '1', NULL, '2025-05-29 13:31:09', '2025-05-29 13:31:09'),
(68, '55', '17', '1', NULL, '2025-05-29 13:31:09', '2025-05-29 13:31:09'),
(69, '56', '16', '1', NULL, '2025-05-29 13:32:16', '2025-05-29 13:32:16'),
(70, '56', '17', '1', NULL, '2025-05-29 13:32:16', '2025-05-29 13:32:16'),
(71, '57', '15', '3', NULL, '2025-05-29 13:33:26', '2025-05-29 13:33:26'),
(72, '57', '17', '1', NULL, '2025-05-29 13:33:26', '2025-05-29 13:33:26'),
(73, '58', '17', '2', NULL, '2025-05-29 13:34:47', '2025-05-29 13:34:47'),
(74, '58', '15', '1', NULL, '2025-05-29 13:34:47', '2025-05-29 13:34:47'),
(75, '59', '16', '1', NULL, '2025-05-29 13:36:03', '2025-05-29 13:36:03'),
(76, '59', '15', '1', NULL, '2025-05-29 13:36:03', '2025-05-29 13:36:03'),
(77, '60', '16', '1', NULL, '2025-05-29 13:37:07', '2025-05-29 13:37:07'),
(78, '60', '15', '1', NULL, '2025-05-29 13:37:07', '2025-05-29 13:37:07'),
(79, '61', '15', '1', NULL, '2025-05-29 13:38:27', '2025-05-29 13:38:27'),
(80, '61', '17', '1', NULL, '2025-05-29 13:38:27', '2025-05-29 13:38:27'),
(81, '62', '16', '3', NULL, '2025-05-29 13:40:13', '2025-05-29 13:40:13'),
(82, '63', '16', '1', NULL, '2025-05-29 13:42:38', '2025-05-29 13:42:38'),
(83, '64', '16', '1', NULL, '2025-05-29 13:43:12', '2025-05-29 13:43:12'),
(84, '65', '16', '2', NULL, '2025-05-29 13:45:18', '2025-05-29 13:45:18'),
(85, '66', '17', '2', NULL, '2025-05-29 13:47:42', '2025-05-29 13:47:42'),
(86, '67', '15', '1', NULL, '2025-05-29 13:50:37', '2025-05-29 13:50:37'),
(87, '68', '17', '1', NULL, '2025-05-29 13:51:59', '2025-05-29 13:51:59'),
(88, '69', '17', '1', NULL, '2025-05-29 13:53:37', '2025-05-29 13:53:37'),
(89, '70', '28', '1', NULL, '2025-06-10 02:57:34', '2025-06-10 02:57:34'),
(90, '71', '27', '1', NULL, '2025-06-11 12:58:23', '2025-06-11 12:58:23'),
(91, '72', '28', '1', NULL, '2025-06-16 10:24:59', '2025-06-16 10:24:59'),
(92, '73', '28', '1', NULL, '2025-06-16 10:25:53', '2025-06-16 10:25:53'),
(93, '74', '27', '1', NULL, '2025-06-16 13:38:17', '2025-06-16 13:38:17'),
(94, '75', '27', '2', NULL, '2025-06-16 13:39:32', '2025-06-16 13:39:32'),
(95, '76', '28', '1', NULL, '2025-06-16 13:41:26', '2025-06-16 13:41:26'),
(96, '77', '27', '1', NULL, '2025-06-16 13:41:51', '2025-06-16 13:41:51'),
(97, '78', '27', '1', NULL, '2025-06-16 13:43:32', '2025-06-16 13:43:32'),
(98, '79', '28', '1', '2025-06-16 13:48:34', '2025-06-16 13:44:26', '2025-06-16 13:48:34'),
(99, '80', '28', '1', NULL, '2025-06-16 13:50:12', '2025-06-16 13:50:12'),
(100, '80', '29', '1', NULL, '2025-06-16 13:50:12', '2025-06-16 13:50:12'),
(101, '81', '27', '1', NULL, '2025-06-16 13:50:38', '2025-06-16 13:50:38'),
(102, '82', '27', '1', NULL, '2025-06-16 13:51:05', '2025-06-16 13:51:05'),
(103, '82', '29', '1', NULL, '2025-06-16 13:51:05', '2025-06-16 13:51:05'),
(104, '83', '27', '1', NULL, '2025-06-16 13:51:55', '2025-06-16 13:51:55'),
(105, '84', '27', '1', NULL, '2025-06-16 13:52:17', '2025-06-16 13:52:17'),
(106, '85', '28', '1', NULL, '2025-06-16 13:52:47', '2025-06-16 13:52:47'),
(107, '86', '27', '1', NULL, '2025-06-16 13:54:07', '2025-06-16 13:54:07'),
(108, '87', '28', '1', NULL, '2025-06-16 13:54:35', '2025-06-16 13:54:35'),
(109, '88', '27', '1', NULL, '2025-06-16 13:55:49', '2025-06-16 13:55:49'),
(110, '89', '27', '1', NULL, '2025-06-16 13:56:14', '2025-06-16 13:56:14'),
(111, '89', '28', '1', NULL, '2025-06-16 13:56:14', '2025-06-16 13:56:14'),
(112, '89', '29', '1', NULL, '2025-06-16 13:56:14', '2025-06-16 13:56:14'),
(113, '90', '27', '1', NULL, '2025-06-16 13:56:37', '2025-06-16 13:56:37'),
(114, '90', '29', '1', NULL, '2025-06-16 13:56:37', '2025-06-16 13:56:37'),
(115, '91', '28', '1', NULL, '2025-06-16 13:57:19', '2025-06-16 13:57:19'),
(116, '92', '28', '1', NULL, '2025-06-16 13:58:16', '2025-06-16 13:58:16'),
(117, '92', '27', '1', NULL, '2025-06-16 13:58:16', '2025-06-16 13:58:16'),
(118, '93', '29', '1', NULL, '2025-06-16 13:58:49', '2025-06-16 13:58:49'),
(119, '94', '28', '1', NULL, '2025-06-16 13:59:25', '2025-06-16 13:59:25'),
(120, '95', '29', '1', NULL, '2025-06-16 14:00:12', '2025-06-16 14:00:12'),
(121, '96', '29', '1', NULL, '2025-06-16 14:01:18', '2025-06-16 14:01:18'),
(122, '97', '29', '1', NULL, '2025-06-16 14:02:28', '2025-06-16 14:02:28'),
(123, '98', '29', '1', NULL, '2025-06-16 14:03:13', '2025-06-16 14:03:13'),
(124, '99', '29', '1', NULL, '2025-06-16 14:04:03', '2025-06-16 14:04:03'),
(125, '100', '28', '1', NULL, '2025-06-16 14:06:24', '2025-06-16 14:06:24'),
(126, '101', '29', '1', NULL, '2025-06-16 14:07:26', '2025-06-16 14:07:26'),
(127, '102', '29', '1', NULL, '2025-06-16 14:07:46', '2025-06-16 14:07:46');

-- --------------------------------------------------------

--
-- Table structure for table `food_tag`
--

CREATE TABLE `food_tag` (
  `id` bigint(20) UNSIGNED NOT NULL,
  `name` varchar(255) NOT NULL,
  `color` varchar(255) DEFAULT NULL,
  `deleted_at` timestamp NULL DEFAULT NULL,
  `created_at` timestamp NULL DEFAULT NULL,
  `updated_at` timestamp NULL DEFAULT NULL
) ENGINE=InnoDB DEFAULT CHARSET=utf8mb4 COLLATE=utf8mb4_unicode_ci;

--
-- Dumping data for table `food_tag`
--

INSERT INTO `food_tag` (`id`, `name`, `color`, `deleted_at`, `created_at`, `updated_at`) VALUES
(1, 'Hot', '#ff0000', NULL, '2025-05-04 18:26:35', '2025-05-04 18:26:35'),
(2, 'Cold', '#0040ff', NULL, '2025-05-04 18:26:35', '2025-05-04 18:26:35'),
(3, 'Spicy', '#ffff00', NULL, '2025-05-11 15:55:14', '2025-05-11 15:55:14'),
(4, 'Salty', '#00ff00', NULL, '2025-05-11 15:55:14', '2025-05-11 15:55:14'),
(5, 'Spicy2', '#ffff00', '2025-05-12 03:35:45', '2025-05-11 15:56:28', '2025-05-12 03:35:45'),
(6, 'Salty2', '#00ff00', '2025-05-12 03:35:45', '2025-05-11 15:56:28', '2025-05-12 03:35:45'),
(7, 'Sweet', '#FFFFFF', NULL, '2025-05-11 15:56:28', '2025-05-11 15:56:28'),
(8, 'Spicy3', '#ffff00', '2025-05-12 03:35:45', '2025-05-11 15:56:52', '2025-05-12 03:35:45'),
(9, 'Salty3', '#00ff00', '2025-05-12 03:35:45', '2025-05-11 15:56:52', '2025-05-12 03:35:45'),
(10, 'Sweet2', '#FFFFFF', '2025-05-12 03:35:45', '2025-05-11 15:56:52', '2025-05-12 03:35:45'),
(11, 'Snack', '#00ffff', NULL, '2025-06-09 15:43:29', '2025-06-09 15:43:29'),
(12, 'Snack', '#00ffff', NULL, '2025-06-09 15:45:11', '2025-06-09 15:45:11');

-- --------------------------------------------------------

--
-- Table structure for table `general_contact`
--

CREATE TABLE `general_contact` (
  `id` bigint(20) UNSIGNED NOT NULL,
  `title` varchar(255) NOT NULL,
  `name` varchar(255) NOT NULL,
  `phone` varchar(255) NOT NULL,
  `address` varchar(255) NOT NULL,
  `deleted_at` timestamp NULL DEFAULT NULL,
  `created_at` timestamp NULL DEFAULT NULL,
  `updated_at` timestamp NULL DEFAULT NULL
) ENGINE=InnoDB DEFAULT CHARSET=utf8mb4 COLLATE=utf8mb4_unicode_ci;

--
-- Dumping data for table `general_contact`
--

INSERT INTO `general_contact` (`id`, `title`, `name`, `phone`, `address`, `deleted_at`, `created_at`, `updated_at`) VALUES
(1, 'dana', 'Izela Kazbika', '082118427880', '', NULL, '2025-06-10 13:01:04', '2025-06-10 13:01:04');

-- --------------------------------------------------------

--
-- Table structure for table `goods_capital`
--

CREATE TABLE `goods_capital` (
  `id` bigint(20) UNSIGNED NOT NULL,
  `name` varchar(255) NOT NULL,
  `price` int(11) NOT NULL,
  `qty` int(11) NOT NULL,
  `unit` varchar(255) NOT NULL,
  `total_price` int(11) NOT NULL,
  `operational_id` int(11) DEFAULT NULL,
  `receipt` varchar(255) DEFAULT NULL,
  `deleted_at` timestamp NULL DEFAULT NULL,
  `created_at` timestamp NULL DEFAULT NULL,
  `updated_at` timestamp NULL DEFAULT NULL
) ENGINE=InnoDB DEFAULT CHARSET=utf8mb4 COLLATE=utf8mb4_unicode_ci;

--
-- Dumping data for table `goods_capital`
--

INSERT INTO `goods_capital` (`id`, `name`, `price`, `qty`, `unit`, `total_price`, `operational_id`, `receipt`, `deleted_at`, `created_at`, `updated_at`) VALUES
(1, 'Bucket', 30000, 10, 'Pcs', 300000, NULL, 'GE1_receipt.jpg', NULL, '2025-02-13 14:33:05', '2025-02-13 14:33:05');

-- --------------------------------------------------------

--
-- Table structure for table `goods_expense`
--

CREATE TABLE `goods_expense` (
  `id` bigint(20) UNSIGNED NOT NULL,
  `category` varchar(255) NOT NULL,
  `category_id` int(11) NOT NULL,
  `price` int(11) NOT NULL DEFAULT 0,
  `deleted_at` timestamp NULL DEFAULT NULL,
  `created_at` timestamp NULL DEFAULT NULL,
  `updated_at` timestamp NULL DEFAULT NULL
) ENGINE=InnoDB DEFAULT CHARSET=utf8mb4 COLLATE=utf8mb4_unicode_ci;

-- --------------------------------------------------------

--
-- Table structure for table `goods_income`
--

CREATE TABLE `goods_income` (
  `id` bigint(20) UNSIGNED NOT NULL,
  `category` varchar(255) NOT NULL,
  `category_id` int(11) NOT NULL,
  `price` int(11) NOT NULL DEFAULT 0,
  `deleted_at` timestamp NULL DEFAULT NULL,
  `created_at` timestamp NULL DEFAULT NULL,
  `updated_at` timestamp NULL DEFAULT NULL
) ENGINE=InnoDB DEFAULT CHARSET=utf8mb4 COLLATE=utf8mb4_unicode_ci;

--
-- Dumping data for table `goods_income`
--

INSERT INTO `goods_income` (`id`, `category`, `category_id`, `price`, `deleted_at`, `created_at`, `updated_at`) VALUES
(1, 'program disbursement', 5, 250000, '2025-05-04 07:14:38', '2025-02-13 13:53:03', '2025-05-04 07:14:38'),
(3, 'goods income', 2, 45000, NULL, '2025-02-13 14:30:41', '2025-02-13 14:30:41');

-- --------------------------------------------------------

--
-- Table structure for table `goods_order`
--

CREATE TABLE `goods_order` (
  `id` bigint(20) UNSIGNED NOT NULL,
  `sales_id` varchar(255) NOT NULL,
  `variant_id` varchar(255) NOT NULL,
  `discount` int(11) NOT NULL DEFAULT 0,
  `amount` varchar(255) NOT NULL,
  `deleted_at` timestamp NULL DEFAULT NULL,
  `created_at` timestamp NULL DEFAULT NULL,
  `updated_at` timestamp NULL DEFAULT NULL
) ENGINE=InnoDB DEFAULT CHARSET=utf8mb4 COLLATE=utf8mb4_unicode_ci;

--
-- Dumping data for table `goods_order`
--

INSERT INTO `goods_order` (`id`, `sales_id`, `variant_id`, `discount`, `amount`, `deleted_at`, `created_at`, `updated_at`) VALUES
(1, '1', '2', 0, '2', NULL, '2025-01-23 09:58:02', '2025-01-23 09:59:12'),
(2, '1', '3', 0, '1', NULL, '2025-01-23 09:58:51', '2025-01-23 09:58:51'),
(3, '2', '5', 0, '1', NULL, '2025-02-13 14:27:41', '2025-02-13 14:27:41'),
(4, '2', '4', 0, '1', NULL, '2025-02-13 14:27:50', '2025-02-13 14:27:50'),
(5, '3', '5', 0, '2', NULL, '2025-02-13 14:29:06', '2025-02-13 14:29:06');

-- --------------------------------------------------------

--
-- Table structure for table `goods_product`
--

CREATE TABLE `goods_product` (
  `id` bigint(20) UNSIGNED NOT NULL,
  `name` varchar(255) NOT NULL,
  `category` varchar(255) NOT NULL,
  `pic_id` int(11) NOT NULL,
  `operational_id` int(11) NOT NULL DEFAULT 0,
  `deleted_at` timestamp NULL DEFAULT NULL,
  `created_at` timestamp NULL DEFAULT NULL,
  `updated_at` timestamp NULL DEFAULT NULL
) ENGINE=InnoDB DEFAULT CHARSET=utf8mb4 COLLATE=utf8mb4_unicode_ci;

--
-- Dumping data for table `goods_product`
--

INSERT INTO `goods_product` (`id`, `name`, `category`, `pic_id`, `operational_id`, `deleted_at`, `created_at`, `updated_at`) VALUES
(1, 'Capybara Chrocet', 'Hand Craft', 1, 0, '2025-01-20 04:46:43', '2025-01-20 04:43:29', '2025-01-20 04:46:43'),
(2, 'Capybara Chrocet', 'Hand Craft', 2, 0, '2025-02-13 11:36:17', '2025-01-20 04:47:03', '2025-02-13 11:36:17'),
(3, 'Flower Bucket', 'Hand Craft', 1, 0, '2025-02-13 11:37:03', '2025-01-23 09:54:20', '2025-02-13 11:37:03'),
(4, 'Bucket', 'Handcraft', 16, 11, NULL, '2025-02-13 14:22:12', '2025-02-13 14:25:52');

-- --------------------------------------------------------

--
-- Table structure for table `goods_sale`
--

CREATE TABLE `goods_sale` (
  `id` bigint(20) UNSIGNED NOT NULL,
  `transaction` int(11) NOT NULL DEFAULT 0,
  `customer` varchar(255) NOT NULL,
  `operational_id` int(11) DEFAULT NULL,
  `cashier_id` int(11) DEFAULT NULL,
  `deleted_at` timestamp NULL DEFAULT NULL,
  `created_at` timestamp NULL DEFAULT NULL,
  `updated_at` timestamp NULL DEFAULT NULL
) ENGINE=InnoDB DEFAULT CHARSET=utf8mb4 COLLATE=utf8mb4_unicode_ci;

--
-- Dumping data for table `goods_sale`
--

INSERT INTO `goods_sale` (`id`, `transaction`, `customer`, `operational_id`, `cashier_id`, `deleted_at`, `created_at`, `updated_at`) VALUES
(1, 120000, 'Rubitin', NULL, 1, '2025-02-13 11:37:16', '2025-01-23 09:54:37', '2025-02-13 11:37:16'),
(2, 45000, 'Irvan', 11, 11, NULL, '2025-02-13 14:27:13', '2025-02-13 14:30:41'),
(3, 0, 'Fatimah', NULL, NULL, NULL, '2025-02-13 14:27:37', '2025-02-13 14:27:37'),
(4, 0, 'Alya', NULL, NULL, NULL, '2025-02-13 14:27:56', '2025-02-13 14:27:56');

-- --------------------------------------------------------

--
-- Table structure for table `like`
--

CREATE TABLE `like` (
  `id` bigint(20) UNSIGNED NOT NULL,
  `user_id` int(11) NOT NULL,
  `post_id` int(11) NOT NULL,
  `deleted_at` timestamp NULL DEFAULT NULL,
  `created_at` timestamp NULL DEFAULT NULL,
  `updated_at` timestamp NULL DEFAULT NULL
) ENGINE=InnoDB DEFAULT CHARSET=utf8mb4 COLLATE=utf8mb4_unicode_ci;

-- --------------------------------------------------------

--
-- Table structure for table `logbook`
--

CREATE TABLE `logbook` (
  `id` bigint(20) UNSIGNED NOT NULL,
  `program_id` int(11) NOT NULL,
  `user_id` int(11) NOT NULL,
  `validated` smallint(6) DEFAULT 0,
  `image` varchar(255) NOT NULL,
  `title` varchar(2000) NOT NULL,
  `date_time` timestamp NULL DEFAULT current_timestamp(),
  `deleted_at` timestamp NULL DEFAULT NULL,
  `created_at` timestamp NULL DEFAULT NULL,
  `updated_at` timestamp NULL DEFAULT NULL
) ENGINE=InnoDB DEFAULT CHARSET=utf8mb4 COLLATE=utf8mb4_unicode_ci;

--
-- Dumping data for table `logbook`
--

INSERT INTO `logbook` (`id`, `program_id`, `user_id`, `validated`, `image`, `title`, `date_time`, `deleted_at`, `created_at`, `updated_at`) VALUES
(1, 5, 14, 0, 'Log514_1739453401.jpg', 'Putri medan cantik', '2025-04-21 07:32:01', NULL, '2025-02-13 13:30:09', '2025-02-13 13:30:09'),
(2, 4, 11, 0, 'Log411_1745992417.jpg', 'sosialisasi tatib', '2025-04-27 17:00:00', NULL, '2025-04-30 05:53:45', '2025-04-30 05:53:45'),
(3, 28, 55, 0, 'Log2855_1746349824.jpg', 'IC pertama bulan April', '2025-04-13 17:00:00', NULL, '2025-05-04 09:10:35', '2025-05-04 09:10:35'),
(4, 28, 55, 0, 'Log2855_1746349916.jpg', 'IC kedua bulan April', '2025-04-18 17:00:00', NULL, '2025-05-04 09:12:02', '2025-05-04 09:12:02'),
(5, 12, 12, 1, 'Log1212_1746443858.jpg', 'Raplen 1 SEEO 2025', '2025-04-27 17:00:00', NULL, '2025-05-05 11:17:46', '2025-05-08 03:54:38'),
(6, 46, 87, 0, 'Log4687_1746447697.jpg', 'pembelian barang dan kebutuhan pokok  blaterian.', '2025-04-18 17:00:00', NULL, '2025-05-05 12:21:46', '2025-05-05 12:21:46'),
(7, 45, 85, 0, 'Log4585_1746447928.jpg', 'Production and Planning', '2025-04-14 17:00:00', NULL, '2025-05-05 12:25:36', '2025-05-05 12:25:36'),
(8, 28, 55, 0, 'Log2855_1746448218.jpg', 'IC ketiga bulan April', '2025-05-03 17:00:00', NULL, '2025-05-05 12:30:26', '2025-05-05 12:30:26'),
(9, 46, 87, 0, 'Log4687_1746448234.jpg', 'pengarsipan nota', '2025-04-18 17:00:00', NULL, '2025-05-05 12:30:40', '2025-05-05 12:30:40'),
(10, 16, 25, 0, 'Log1625_1746613157.jpg', 'test', '2025-05-06 17:00:00', '2025-05-07 10:20:14', '2025-05-07 10:19:27', '2025-05-07 10:20:14'),
(11, 47, 15, 0, 'Log4715_1746613222.jpg', 'Radept 1 - 26 Mei 2025', '2025-03-25 17:00:00', '2025-05-07 10:21:16', '2025-05-07 10:20:31', '2025-05-07 10:21:16'),
(12, 47, 15, 0, 'Log4715_1746613231.jpg', 'Radept 1 - 26 Mei 2025', '2025-03-25 17:00:00', NULL, '2025-05-07 10:20:38', '2025-05-07 10:20:38'),
(13, 61, 16, 0, 'Log6116_1746614262.jpg', 'Internal supervision and control for the Production Department in May.', '2025-05-04 17:00:00', '2025-05-07 10:42:21', '2025-05-07 10:37:52', '2025-05-07 10:42:21'),
(14, 21, 14, 0, 'Log2114_1746614413.png', 'hello', '2025-05-06 17:00:00', '2025-05-07 10:42:05', '2025-05-07 10:40:27', '2025-05-07 10:42:05'),
(15, 21, 14, 0, 'Log2114_1746614412.png', 'hello', '2025-05-06 17:00:00', '2025-05-07 10:42:07', '2025-05-07 10:40:30', '2025-05-07 10:42:07'),
(16, 61, 16, 0, 'Log6116_1746614751.jpg', 'Internal supervision and control for the Production Department in May 2025.', '2025-05-04 17:00:00', '2025-05-07 10:53:17', '2025-05-07 10:45:58', '2025-05-07 10:53:17'),
(17, 44, 44, 1, 'Log4444_1746615477.jpg', 'Radiv 1', '2025-04-10 17:00:00', NULL, '2025-05-07 10:58:06', '2025-05-07 10:59:25'),
(18, 42, 11, 0, 'Log4211_1746615944.jpg', 'pengawasan kinerja terhadap manager produksi, marketing, SD, HR, pr', '2025-04-22 17:00:00', NULL, '2025-05-07 11:06:00', '2025-05-07 11:06:00'),
(19, 61, 16, 1, 'Log6116_1746616634.jpg', 'Internal Supervisor and Controlling-Production Department in 5 May 2025', '2025-05-04 17:00:00', NULL, '2025-05-07 11:17:23', '2025-05-08 03:54:21'),
(20, 43, 51, 0, 'Log4351_1746682283.jpg', 'Radiv 1', '2025-04-27 17:00:00', NULL, '2025-05-08 05:31:31', '2025-05-08 05:31:31'),
(21, 43, 51, 0, 'Log4351_1746682337.jpg', 'Radiv 1', '2025-04-27 17:00:00', NULL, '2025-05-08 05:32:24', '2025-05-08 05:32:24'),
(22, 43, 51, 0, 'Log4351_1746682376.jpg', 'Radiv 1', '2025-04-27 17:00:00', NULL, '2025-05-08 05:33:03', '2025-05-08 05:33:03'),
(23, 61, 16, 1, 'Log6116_1746716130.jpg', 'Internal Supervisor and Controlling-Sales Distribution Department in 8 May 2025', '2025-05-07 17:00:00', NULL, '2025-05-08 14:55:39', '2025-05-08 14:56:13'),
(24, 71, 21, 0, 'Log7121_1746885683.png', 'Rapat online pertama', '2025-04-11 17:00:00', NULL, '2025-05-10 14:01:33', '2025-05-10 14:01:33'),
(25, 71, 21, 0, 'Log7121_1746885694.png', 'Rapat online pertama', '2025-04-11 17:00:00', NULL, '2025-05-10 14:01:41', '2025-05-10 14:01:41'),
(26, 71, 21, 0, 'Log7121_1746885892.jpg', 'rapat evaluasi dan persiapan blaterian di tempat nongkrong.id sidakangen', '2025-05-07 17:00:00', NULL, '2025-05-10 14:05:00', '2025-05-10 14:05:00'),
(27, 16, 14, 0, 'Log1614_1747039931.jpg', 'cobadeh', '2025-05-11 17:00:00', NULL, '2025-05-12 08:52:18', '2025-05-15 04:42:26'),
(28, 12, 14, 1, 'Log1214_1747040487.jpg', 'Raplen maret april', '2025-04-27 17:00:00', NULL, '2025-05-12 09:01:34', '2025-05-12 09:02:00'),
(29, 12, 14, 0, 'Log1214_1747040491.jpg', 'Raplen maret april', '2025-04-27 17:00:00', '2025-05-12 09:02:25', '2025-05-12 09:01:38', '2025-05-12 09:02:25'),
(30, 61, 16, 0, 'Log6116_1747281419.png', 'Internal Supervisor and Controlling-Operating Department in 14 May 2025', '2025-05-13 17:00:00', '2025-05-15 03:59:27', '2025-05-15 03:57:07', '2025-05-15 03:59:27'),
(31, 61, 16, 1, 'Log6116_1747281608.jpg', 'Internal Supervisor and Controlling-Operating Department in 14 May 2025', '2025-05-13 17:00:00', NULL, '2025-05-15 04:00:14', '2025-05-15 04:00:54'),
(32, 17, 33, 0, 'LB_3332_image.webp', 'Blaterian 1', '2025-04-26 17:00:00', NULL, '2025-05-18 07:02:33', '2025-05-18 07:02:33'),
(33, 17, 33, 0, 'LB_3333_image.webp', 'Blaterian 2', '2025-05-17 17:00:00', NULL, '2025-05-18 07:03:04', '2025-05-18 07:03:04'),
(34, 45, 85, 0, 'LB_8534_image.webp', 'Bill Of Material', '2025-05-06 17:00:00', NULL, '2025-05-20 03:53:08', '2025-05-20 03:53:08'),
(35, 61, 16, 0, 'LB_1635_image.webp', 'Internal Supervisor and Controlling-Human Resources Departement in 13 May 2025', '2025-05-22 17:00:00', '2025-05-25 09:40:39', '2025-05-24 13:05:52', '2025-05-25 09:40:39'),
(36, 61, 16, 1, 'LB_1636_image.webp', 'Internal Supervisor and Controlling-Public Relation Departement in 24 May 2025', '2025-05-23 17:00:00', NULL, '2025-05-25 09:39:37', '2025-05-25 09:42:00'),
(37, 61, 16, 1, 'LB_1637_image.webp', 'Internal Supervisor and Controlling-Human Resources Departement in 23 May 2025', '2025-05-22 17:00:00', NULL, '2025-05-25 09:41:34', '2025-05-25 09:42:03'),
(38, 12, 16, 0, 'LB_1638_image.webp', 'Rapat pleno in 28 April 2025', '2025-04-27 17:00:00', '2025-05-26 07:09:05', '2025-05-26 07:08:29', '2025-05-26 07:09:05'),
(39, 12, 16, 0, 'LB_1638_image.webp', 'Rapat Pleno 1 in 28 April 2025', '2025-04-27 17:00:00', NULL, '2025-05-26 07:12:17', '2025-05-26 07:12:17'),
(40, 61, 16, 1, 'LB_1640_image.webp', 'Internal Supervisor and Controlling-Marketing and Media Information Departement in 28 May 2025', '2025-05-27 17:00:00', NULL, '2025-05-30 12:08:37', '2025-05-30 12:16:30'),
(41, 21, 14, 1, 'LB_1441_image.webp', 'Rapat Departemen 1\r\n\r\nHari, tanggal  : Jumat, 25 April 2025\r\nWaktu.            : Pukul 16.00 WIB\r\nTempat.          : KEDAI KABIN \r\n\r\nBahasan : persiapan mematangkan konsep upgr1, persiapan entclass 1, sosialisasi web, ppt raplen april mei\r\n\r\nNote* : datang tepat waktu \r\n\r\n\r\n(-)Yunan sedang ada kepentingan keluarga', '2025-04-24 17:00:00', NULL, '2025-05-30 13:16:53', '2025-05-30 13:24:29'),
(42, 20, 14, 0, 'LB_1442_image.webp', 'Upgrading 1 villa denisa, baturaden day 1', '2025-05-11 17:00:00', NULL, '2025-05-30 13:19:37', '2025-05-30 13:19:37'),
(43, 20, 14, 0, 'LB_1443_image.webp', 'Upgrading 1 vila danisa baturaden, day 2', '2025-05-12 17:00:00', NULL, '2025-05-30 13:21:27', '2025-05-30 13:21:27'),
(44, 21, 14, 1, 'LB_1444_image.webp', ' *[RAPAT DEPARTEMEN MEI]* \r\n\r\nHari       : Jumat, 23 Mei 2025\r\nWaktu   : 17.00\r\nTempat : Kost Salim(wisma Satya,blater)\r\n\r\nBahasan : evaluasi kinerja, persiapan EntClass, arahan menggunakan fitur di web \r\n\r\ndatang semua', '2025-05-22 17:00:00', NULL, '2025-05-30 13:23:22', '2025-05-30 13:24:23'),
(45, 21, 53, 1, 'LB_5345_image.webp', ' [RAPAT DEPARTEMEN MEI] \r\n\r\nHari       : Jumat, 23 Mei 2025\r\nWaktu   : 19.00\r\nTempat : Kost Salim( sharelok lim)\r\n\r\nBahasan : evaluasi kinerja, persiapan EntClass, arahan menggunakan fitur di web \r\n\r\nNote * datengnya jangan telat biar cepet selese', '2025-05-22 17:00:00', NULL, '2025-05-30 13:47:18', '2025-06-01 02:43:58'),
(46, 21, 53, 0, 'LB_5346_image.webp', 'Rapat Departemen 1\r\n\r\nHari, tanggal  : Jumat, 25 April 2025\r\nWaktu.            : Pukul 16.00 WIB\r\nTempat.          : KEDAI KABIN \r\n\r\nBahasan : upgr1, entclass 1, ppt raplen\r\n\r\nNote* : datang tepat waktu \r\n\r\n\r\nSemangat semuanya', '2025-04-24 17:00:00', NULL, '2025-05-30 13:49:14', '2025-05-30 13:49:14'),
(47, 28, 55, 0, 'LB_5547_image.webp', 'IC Pertama Bulan Mei', '2025-05-14 17:00:00', NULL, '2025-06-01 06:09:47', '2025-06-01 06:09:47'),
(48, 28, 55, 0, 'LB_5548_image.webp', 'IC Kedua Bulan Mei', '2025-05-19 17:00:00', NULL, '2025-06-01 06:10:47', '2025-06-01 06:10:47'),
(49, 28, 55, 0, 'LB_5549_image.webp', 'IC Ketiga Bulan Mei', '2025-05-23 17:00:00', NULL, '2025-06-01 06:11:25', '2025-06-01 06:11:25'),
(50, 6, 67, 0, 'LB_6750_image.webp', 'Rapat Perdana Panitia Entclass', '2025-04-30 17:00:00', NULL, '2025-06-10 05:26:52', '2025-06-10 05:26:52'),
(51, 6, 67, 0, 'LB_6751_image.webp', 'Rapat Kedua Panitia Entclass', '2025-05-15 17:00:00', NULL, '2025-06-10 05:29:00', '2025-06-10 05:29:00'),
(52, 6, 67, 0, 'LB_6752_image.webp', 'Pelaksanaan Entclass 1', '2025-05-24 17:00:00', NULL, '2025-06-10 05:31:35', '2025-06-10 05:31:35'),
(53, 21, 67, 0, 'LB_6753_image.webp', 'Rapat Departemen HR 1', '2025-03-22 17:00:00', NULL, '2025-06-10 05:33:59', '2025-06-10 05:33:59'),
(54, 21, 67, 0, 'LB_6754_image.webp', 'Rapat Departemen HR 2', '2025-04-24 17:00:00', NULL, '2025-06-10 05:35:18', '2025-06-10 05:35:18'),
(55, 21, 67, 0, 'LB_6755_image.webp', 'Rapat Departemen HR 3', '2025-05-22 17:00:00', NULL, '2025-06-10 05:36:19', '2025-06-10 05:36:19'),
(56, 61, 16, 1, 'LB_1656_image.webp', 'Internal Supervisor and Controlling-Financial Departement in 29 May 2025', '2025-05-28 17:00:00', NULL, '2025-06-10 12:56:42', '2025-06-12 07:39:17'),
(57, 61, 16, 1, 'LB_1657_image.webp', 'Internal Supervisor and Controlling-Administration Departement in 29 May 2025', '2025-05-28 17:00:00', NULL, '2025-06-10 12:59:44', '2025-06-12 07:39:21'),
(58, 20, 28, 0, 'LB_2858_image.webp', 'IWP APRIL (12.000)', '2025-04-23 17:00:00', NULL, '2025-06-10 13:36:56', '2025-06-10 13:36:56'),
(59, 20, 28, 0, 'LB_2859_image.webp', 'iwp mei - Januari (96.000)', '2025-06-09 17:00:00', NULL, '2025-06-10 13:37:59', '2025-06-10 13:37:59'),
(60, 61, 16, 1, 'LB_1660_image.webp', 'Internal Supervisor and Controlling-Sales Distribution Departement in 11 Juny 2025', '2025-06-10 17:00:00', NULL, '2025-06-12 07:38:35', '2025-06-12 07:39:27'),
(61, 6, 22, 0, 'LB_2261_image.webp', 'Rapat perdana panitia EntClass', '2025-04-30 17:00:00', NULL, '2025-06-14 12:41:48', '2025-06-14 12:41:48'),
(62, 6, 14, 0, 'LB_1462_image.webp', 'Rapat panitia 1\r\n Date & Time: 01/05/2025', '2025-04-30 17:00:00', NULL, '2025-06-14 12:43:27', '2025-06-14 12:43:27'),
(63, 6, 22, 0, 'LB_2263_image.webp', 'Rapat kedua panitia EntClass', '2025-05-15 17:00:00', NULL, '2025-06-14 12:44:52', '2025-06-14 12:44:52'),
(64, 6, 14, 0, 'LB_1464_image.webp', 'Rapat panitia 2\r\nDate & Time: 16/05/2025', '2025-05-15 17:00:00', NULL, '2025-06-14 12:45:23', '2025-06-14 12:45:23'),
(65, 6, 14, 0, 'LB_1465_image.webp', 'EntClass 1\r\nDate & Time: 25/05/2025', '2025-05-24 17:00:00', NULL, '2025-06-14 12:46:52', '2025-06-14 12:46:52'),
(66, 6, 23, 0, 'LB_2366_image.webp', 'Rapat 2', '2025-06-13 17:00:00', NULL, '2025-06-14 12:56:07', '2025-06-14 12:56:07'),
(67, 61, 16, 0, 'LB_1667_image.webp', 'Internal Supervisor and Controlling-Sales Production Departement in 4 Juny 2025', '2025-06-03 17:00:00', '2025-06-15 12:59:01', '2025-06-15 12:57:17', '2025-06-15 12:59:01'),
(68, 61, 16, 1, 'LB_1668_image.webp', 'Internal Supervisor and Controlling-\r\nProduction Departement in 4 Juny 2025', '2025-06-03 17:00:00', NULL, '2025-06-15 12:57:26', '2025-06-15 12:59:15'),
(69, 61, 16, 0, 'LB_1669_image.webp', 'Internal Supervisor and Controlling-Production Departement in 4 Juny 2025', '2025-06-03 17:00:00', '2025-06-15 12:59:10', '2025-06-15 12:58:20', '2025-06-15 12:59:10'),
(70, 16, 25, 0, 'LB_2569_image.webp', 'test', '2025-06-24 17:00:00', NULL, '2025-06-25 07:32:01', '2025-06-25 07:32:01'),
(71, 6, 53, 0, 'LB_5371_image.webp', 'Pelaksanaan EntClass 1', '2025-05-24 17:00:00', NULL, '2025-06-25 07:52:02', '2025-06-25 07:52:02'),
(72, 21, 53, 0, 'LB_5372_image.webp', 'Radept Juni 2025\r\nLokasi: Angkringan Kalimanah', '2025-06-18 17:00:00', NULL, '2025-06-25 07:55:56', '2025-06-25 07:55:56'),
(73, 6, 53, 0, 'LB_5373_image.webp', 'Rapat Perdana Panitia EntClass', '2025-04-30 17:00:00', NULL, '2025-06-25 08:00:59', '2025-06-25 08:00:59'),
(74, 6, 53, 0, 'LB_5374_image.webp', 'Rapat Kedua Panitia EntClass', '2025-05-15 17:00:00', NULL, '2025-06-25 08:01:56', '2025-06-25 08:01:56'),
(75, 61, 16, 1, 'LB_1675_image.webp', 'Internal Supervisor and Controlling-Operating Departement in 28 Juny 2025', '2025-06-27 17:00:00', NULL, '2025-06-28 11:38:25', '2025-06-28 11:44:53'),
(76, 61, 16, 1, 'LB_1676_image.webp', 'Internal Supervisor and Controlling-Human Resources Departement in 19 Juny 2025', '2025-06-18 17:00:00', NULL, '2025-06-28 11:40:55', '2025-06-28 11:44:47'),
(77, 61, 16, 1, 'LB_1677_image.webp', 'Internal Supervisor and Controlling-Marketing and Media Information Departement in 20 Juny 2025', '2025-06-19 17:00:00', NULL, '2025-06-28 11:44:22', '2025-06-28 11:44:49'),
(78, 61, 16, 1, 'LB_1678_image.webp', 'Internal Supervisor and Controlling-Administration Departement in 17 Juny 2025', '2025-06-16 17:00:00', NULL, '2025-06-28 11:48:39', '2025-06-28 11:50:32'),
(79, 61, 16, 1, 'LB_1679_image.webp', 'Internal Supervisor and Controlling-Financial Departement in 17 Juny 2025', '2025-06-16 17:00:00', NULL, '2025-06-28 11:49:22', '2025-06-28 11:50:28');

-- --------------------------------------------------------

--
-- Table structure for table `migrations`
--

CREATE TABLE `migrations` (
  `id` int(10) UNSIGNED NOT NULL,
  `migration` varchar(255) NOT NULL,
  `batch` int(11) NOT NULL
) ENGINE=InnoDB DEFAULT CHARSET=utf8mb4 COLLATE=utf8mb4_unicode_ci;

--
-- Dumping data for table `migrations`
--

INSERT INTO `migrations` (`id`, `migration`, `batch`) VALUES
(1, '0001_01_01_000000_create_users_table', 1),
(2, '0001_01_01_000001_create_cache_table', 1),
(3, '2024_03_16_132959_create_roles_table', 1),
(4, '2024_03_25_102938_create_department_table', 1),
(5, '2024_03_25_103015_create_program_table', 1),
(6, '2024_03_25_103624_create_budget_item_table', 1),
(7, '2024_03_27_230159_create_expense_item_table', 1),
(8, '2024_03_27_230213_create_disbursement_item_table', 1),
(9, '2024_04_06_102950_create_cash_in_item', 1),
(10, '2024_05_16_160948_create_stand_table', 1),
(11, '2024_05_16_161018_create_menu_item_table', 1),
(12, '2024_05_18_162543_create_sales_table', 1),
(13, '2024_05_20_102200_create_goods_capital', 1),
(14, '2024_05_20_102200_create_stand_expense_item', 1),
(15, '2024_07_31_001039_create_blaterian_balance_table', 1),
(16, '2024_07_31_001039_create_blaterian_good_balance_table', 1),
(17, '2024_07_31_001724_create_foods_income_table', 1),
(18, '2024_07_31_001724_create_goods_income_table', 1),
(19, '2024_07_31_001724_create_goods_sale_table', 1),
(20, '2024_07_31_011533_create_foods_expense_table', 1),
(21, '2024_07_31_011533_create_goods_expense_table', 1),
(22, '2024_08_07_142334_create_contribution_table', 1),
(23, '2024_08_08_233300_create_contribution_receipt_table', 1),
(24, '2024_08_08_233551_create_contribution_configuration_table', 1),
(25, '2024_09_08_202316_create_disbursement_letter_table', 1),
(26, '2024_09_11_111808_create_food_order_table', 1),
(27, '2024_09_11_111808_create_goods_order_table', 1),
(28, '2024_09_14_152251_create_goods_item_image_table', 1),
(29, '2024_09_14_152251_create_goods_product_table', 1),
(30, '2024_09_28_152554_create_product_variant_table', 1),
(31, '2024_10_21_134358_create_logbook_table', 1),
(32, '2024_10_21_160504_create_program_staff_table', 1),
(33, '2024_10_31_122130_create_payroll_balance_table', 1),
(34, '2024_10_31_122138_create_payroll_level_table', 1),
(35, '2024_11_08_135919_create_table_billboard', 1),
(36, '2024_11_08_140902_create_table_attachment', 1),
(37, '2024_11_08_141005_create_table_post', 1),
(38, '2024_11_08_142750_create_like_table', 1),
(39, '2025_04_26_063808_create_payment_method_table', 2),
(40, '2025_05_02_073318_create_food_tag_table', 2),
(41, '2025_05_02_073438_create_pivot_food_menu_tag_table', 2),
(42, '2025_05_04_171810_create_customer_feedback_table', 3),
(43, '2025_05_05_075948_create_production_staff_table', 4),
(44, '2025_05_05_080027_create_cashier_table', 4),
(48, '2025_05_26_132301_create_voucher_table', 5);

-- --------------------------------------------------------

--
-- Table structure for table `password_reset_tokens`
--

CREATE TABLE `password_reset_tokens` (
  `email` varchar(255) NOT NULL,
  `token` varchar(255) NOT NULL,
  `created_at` timestamp NULL DEFAULT NULL
) ENGINE=InnoDB DEFAULT CHARSET=utf8mb4 COLLATE=utf8mb4_unicode_ci;

--
-- Dumping data for table `password_reset_tokens`
--

INSERT INTO `password_reset_tokens` (`email`, `token`, `created_at`) VALUES
('dayw87110@gmail.com', '$2y$12$FrlhlYu..dGQSsIvfrZUEO8rbaSrnZC7IjXy1ncboy/pg7ZdQ4iKi', '2025-05-02 14:22:11'),
('fitrian.purnomo@mhs.unsoed.ac.id', '$2y$12$Jm4glPi9oOKwzw4v2M3uEuN5rpaEaXYeq.xbCHGsnynm0gBLyBflC', '2025-04-25 09:26:39'),
('jundifadhil@gmail.com', '$2y$12$n6x4EbDdTi9w7sFK8QSu9ucMTGgrLX/yNiqgOf2jCQv8FoE3dCt9a', '2025-04-26 07:11:47'),
('limsaalim15@gmail.com', '$2y$12$L4xoHjmCtyNLWxwJl8cqbuGk5gDbpWYXJCGbfeg0nygjte.0wp1WO', '2025-04-25 09:29:29'),
('safinatunnajah375@gmail.com', '$2y$12$z0fXAxZkw..nfopiV0JzcOC3Ra1aukj4hzGj6jX4XBomAalYgn2LS', '2025-06-04 12:47:18'),
('safinfina818@gmail.com', '$2y$12$NOtFa1ZS5YTAppbZKtPal.q13yJyKaaePf0qrMLHz7ZhWhe/bKLOi', '2025-06-04 12:47:53'),
('satriyosandhy@gmail.com', '$2y$12$feeqa5O7gaRXuYy2EOjk0e5421FQrT68gPV2hz9366Wvbn3dN7hXe', '2025-05-05 12:44:12');

-- --------------------------------------------------------

--
-- Table structure for table `payment_method`
--

CREATE TABLE `payment_method` (
  `id` bigint(20) UNSIGNED NOT NULL,
  `name` varchar(255) NOT NULL,
  `deleted_at` timestamp NULL DEFAULT NULL,
  `created_at` timestamp NULL DEFAULT NULL,
  `updated_at` timestamp NULL DEFAULT NULL
) ENGINE=InnoDB DEFAULT CHARSET=utf8mb4 COLLATE=utf8mb4_unicode_ci;

--
-- Dumping data for table `payment_method`
--

INSERT INTO `payment_method` (`id`, `name`, `deleted_at`, `created_at`, `updated_at`) VALUES
(1, 'Cash', NULL, '2025-05-02 09:03:40', NULL),
(2, 'QRIS', NULL, '2025-05-02 09:03:40', NULL);

-- --------------------------------------------------------

--
-- Table structure for table `payroll_balance`
--

CREATE TABLE `payroll_balance` (
  `id` bigint(20) UNSIGNED NOT NULL,
  `balance` int(11) DEFAULT 0,
  `financial_id` smallint(6) DEFAULT 0,
  `deleted_at` timestamp NULL DEFAULT NULL,
  `created_at` timestamp NULL DEFAULT NULL,
  `updated_at` timestamp NULL DEFAULT NULL
) ENGINE=InnoDB DEFAULT CHARSET=utf8mb4 COLLATE=utf8mb4_unicode_ci;

--
-- Dumping data for table `payroll_balance`
--

INSERT INTO `payroll_balance` (`id`, `balance`, `financial_id`, `deleted_at`, `created_at`, `updated_at`) VALUES
(1, 2000000, 3, NULL, '2024-11-20 12:09:26', '2025-04-23 09:54:35');

-- --------------------------------------------------------

--
-- Table structure for table `payroll_level`
--

CREATE TABLE `payroll_level` (
  `id` bigint(20) UNSIGNED NOT NULL,
  `level` varchar(255) NOT NULL DEFAULT '1',
  `salary` int(11) NOT NULL DEFAULT 0,
  `employee` int(11) NOT NULL DEFAULT 0,
  `salary_idr` int(11) NOT NULL DEFAULT 0,
  `deleted_at` timestamp NULL DEFAULT NULL,
  `created_at` timestamp NULL DEFAULT NULL,
  `updated_at` timestamp NULL DEFAULT NULL
) ENGINE=InnoDB DEFAULT CHARSET=utf8mb4 COLLATE=utf8mb4_unicode_ci;

--
-- Dumping data for table `payroll_level`
--

INSERT INTO `payroll_level` (`id`, `level`, `salary`, `employee`, `salary_idr`, `deleted_at`, `created_at`, `updated_at`) VALUES
(1, '1', 10, 1, 200000, NULL, '2024-11-27 08:57:11', '2025-04-25 13:39:33'),
(2, '2', 20, 3, 133333, NULL, '2025-02-12 09:46:02', '2025-04-25 13:39:33'),
(3, '3', 70, 1, 1400000, NULL, '2025-02-12 09:46:10', '2025-04-25 13:33:55');

-- --------------------------------------------------------

--
-- Table structure for table `pivot_food_menu_tag`
--

CREATE TABLE `pivot_food_menu_tag` (
  `menu_id` int(11) NOT NULL,
  `food_tag_id` int(11) NOT NULL,
  `deleted_at` timestamp NULL DEFAULT NULL,
  `created_at` timestamp NULL DEFAULT NULL,
  `updated_at` timestamp NULL DEFAULT NULL
) ENGINE=InnoDB DEFAULT CHARSET=utf8mb4 COLLATE=utf8mb4_unicode_ci;

--
-- Dumping data for table `pivot_food_menu_tag`
--

INSERT INTO `pivot_food_menu_tag` (`menu_id`, `food_tag_id`, `deleted_at`, `created_at`, `updated_at`) VALUES
(14, 1, NULL, NULL, NULL),
(15, 2, NULL, NULL, NULL),
(16, 3, NULL, NULL, NULL),
(17, 3, NULL, NULL, NULL),
(18, 2, NULL, NULL, NULL),
(18, 7, NULL, NULL, NULL),
(19, 2, NULL, NULL, NULL),
(19, 7, NULL, NULL, NULL),
(20, 2, NULL, NULL, NULL),
(20, 7, NULL, NULL, NULL),
(21, 2, NULL, NULL, NULL),
(21, 7, NULL, NULL, NULL),
(27, 3, NULL, NULL, NULL),
(27, 4, NULL, NULL, NULL),
(28, 3, NULL, NULL, NULL),
(29, 2, NULL, NULL, NULL),
(29, 7, NULL, NULL, NULL);

-- --------------------------------------------------------

--
-- Table structure for table `post`
--

CREATE TABLE `post` (
  `id` bigint(20) UNSIGNED NOT NULL,
  `user_id` int(11) NOT NULL,
  `text` varchar(255) NOT NULL,
  `anonymus` tinyint(1) NOT NULL DEFAULT 0,
  `deleted_at` timestamp NULL DEFAULT NULL,
  `created_at` timestamp NULL DEFAULT NULL,
  `updated_at` timestamp NULL DEFAULT NULL
) ENGINE=InnoDB DEFAULT CHARSET=utf8mb4 COLLATE=utf8mb4_unicode_ci;

--
-- Dumping data for table `post`
--

INSERT INTO `post` (`id`, `user_id`, `text`, `anonymus`, `deleted_at`, `created_at`, `updated_at`) VALUES
(1217, 3, 'Hallo', 1, '2025-02-14 09:07:15', '2025-02-13 14:37:28', '2025-02-14 09:07:15'),
(1218, 13, 'Hola', 1, NULL, '2025-02-13 14:48:06', '2025-02-13 14:48:06'),
(1219, 12, 'Hi', 1, NULL, '2025-02-13 14:50:26', '2025-02-13 14:50:26'),
(1220, 14, 'Kekuasaan Rigen', 1, '2025-05-08 05:38:06', '2025-02-13 14:51:18', '2025-05-08 05:38:06'),
(1221, 12, 'OSYIT', 1, '2025-05-08 05:38:09', '2025-02-13 14:51:44', '2025-05-08 05:38:09'),
(1222, 3, 'Test', 0, '2025-02-14 11:21:12', '2025-02-14 11:20:33', '2025-02-14 11:21:12'),
(1223, 3, 'Test', 0, '2025-02-15 04:36:33', '2025-02-15 04:36:23', '2025-02-15 04:36:33'),
(1224, 3, 'a', 0, '2025-02-15 05:15:43', '2025-02-15 05:15:36', '2025-02-15 05:15:43'),
(1225, 3, 'Haiii haiii', 1, '2025-03-13 13:28:53', '2025-02-18 14:15:49', '2025-03-13 13:28:53'),
(1226, 3, 'Tess', 0, '2025-02-19 09:25:26', '2025-02-19 08:19:04', '2025-02-19 09:25:26'),
(1227, 3, 'Halooo SEEO 2025!', 1, '2025-02-19 10:30:05', '2025-02-19 10:29:35', '2025-02-19 10:30:05'),
(1228, 3, 'Halooo SEEO 2025!', 0, '2025-03-12 17:11:03', '2025-02-19 10:29:44', '2025-03-12 17:11:03'),
(1229, 3, 'Testt', 0, '2025-02-20 08:54:27', '2025-02-19 10:30:26', '2025-02-20 08:54:27'),
(1230, 3, 'Tesss', 1, '2025-03-05 04:13:58', '2025-02-27 12:02:06', '2025-03-05 04:13:58'),
(1231, 3, 'Tesss', 1, '2025-03-10 12:39:27', '2025-03-05 04:23:14', '2025-03-10 12:39:27'),
(1232, 3, 'Lagiiii', 1, '2025-03-06 04:04:23', '2025-03-05 04:23:23', '2025-03-06 04:04:23'),
(1233, 3, 'A', 0, '2025-03-06 04:04:09', '2025-03-05 05:39:04', '2025-03-06 04:04:09'),
(1234, 3, 'Tessss', 0, '2025-03-12 08:04:06', '2025-03-10 12:40:17', '2025-03-12 08:04:06'),
(1235, 3, 'Haii', 0, '2025-03-12 08:21:49', '2025-03-10 12:40:30', '2025-03-12 08:21:49'),
(1236, 13, 'halooo anggota baru!!', 0, '2025-03-13 13:28:36', '2025-03-13 13:28:22', '2025-03-13 13:28:36'),
(1237, 13, 'HALO ANGGOTA BARUU!', 1, NULL, '2025-03-13 13:28:47', '2025-03-13 13:28:47'),
(1238, 14, 'Halooo', 1, '2025-03-17 15:05:24', '2025-03-17 15:04:55', '2025-03-17 15:05:24'),
(1239, 14, 'Halo Halo', 1, '2025-04-13 04:33:37', '2025-04-13 04:33:26', '2025-04-13 04:33:37'),
(1240, 25, 'Haloooo', 1, '2025-04-13 04:35:57', '2025-04-13 04:35:22', '2025-04-13 04:35:57'),
(1241, 14, 'halo semua', 1, '2025-04-13 04:44:24', '2025-04-13 04:44:19', '2025-04-13 04:44:24'),
(1242, 14, 'hello', 0, '2025-04-13 04:45:04', '2025-04-13 04:44:38', '2025-04-13 04:45:04'),
(1243, 3, 'Update version 2.0!', 0, '2025-04-21 08:07:18', '2025-04-21 08:07:13', '2025-04-21 08:07:18'),
(1244, 13, 'Hi bro', 1, '2025-05-08 05:56:57', '2025-04-23 09:38:31', '2025-05-08 05:56:57'),
(1245, 23, 'xixi', 1, '2025-05-08 05:57:02', '2025-04-23 15:59:15', '2025-05-08 05:57:02'),
(1246, 32, '5555555', 0, '2025-04-24 10:23:47', '2025-04-24 10:23:31', '2025-04-24 10:23:47'),
(1247, 32, 'rererere', 0, '2025-04-24 10:58:20', '2025-04-24 10:58:08', '2025-04-24 10:58:20'),
(1248, 14, 'Ayo gaes dipake web nyaaaa', 1, '2025-05-08 05:57:36', '2025-04-25 09:27:09', '2025-05-08 05:57:36'),
(1249, 44, '....', 1, '2025-05-08 05:57:07', '2025-04-26 05:19:11', '2025-05-08 05:57:07'),
(1250, 51, 'Mblo', 0, NULL, '2025-04-26 08:56:07', '2025-04-26 08:56:07'),
(1251, 51, 'Mblo', 0, '2025-05-08 05:57:29', '2025-04-26 08:56:09', '2025-05-08 05:57:29'),
(1252, 51, 'Mblo', 1, '2025-05-08 05:57:25', '2025-04-26 08:56:19', '2025-05-08 05:57:25'),
(1253, 32, 'LETS GOO BLATERIAN 1 SOLD OUT!', 1, NULL, '2025-04-27 04:35:17', '2025-04-27 04:35:17'),
(1254, 28, 'kenapa air laut rasanya manis ? karena asinnya dikamu\nxixiixixixi', 0, NULL, '2025-05-05 13:47:16', '2025-05-05 13:47:16'),
(1255, 78, 'aku selatan, kamu bukan utara. Pantas kita saling menjauh', 1, NULL, '2025-05-05 23:23:11', '2025-05-05 23:23:11'),
(1256, 12, 'Selamat siang dan tetap semangat prenerus', 0, '2025-05-08 05:37:23', '2025-05-08 05:29:32', '2025-05-08 05:37:23'),
(1257, 12, 'Selamat siang dan tetap semangat preneurs!!!', 0, NULL, '2025-05-08 05:37:49', '2025-05-08 05:37:49'),
(1258, 12, 'mas mas yang jadi kp blaterian kumisnya lucuuu, jadi pengin kutarik', 1, NULL, '2025-05-08 05:39:05', '2025-05-08 05:39:05'),
(1259, 13, 'Kiw', 1, NULL, '2025-05-12 08:20:57', '2025-05-12 08:20:57'),
(1260, 32, 'Hallo', 0, '2025-05-12 08:22:00', '2025-05-12 08:21:51', '2025-05-12 08:22:00'),
(1261, 59, 'Hi', 1, NULL, '2025-05-12 08:21:55', '2025-05-12 08:21:55'),
(1262, 59, 'P', 1, NULL, '2025-05-12 08:22:15', '2025-05-12 08:22:15'),
(1263, 22, 'Ngapainn brok?', 1, NULL, '2025-05-12 08:22:23', '2025-05-12 08:22:23'),
(1264, 13, 'Kiw hoodie hijau lucunyo', 1, NULL, '2025-05-12 08:22:24', '2025-05-12 08:22:24'),
(1265, 67, 'Upgrading uhuy', 0, NULL, '2025-05-12 08:22:24', '2025-05-12 08:22:24'),
(1266, 13, 'Kiw hoodie hijau lucunyo', 1, NULL, '2025-05-12 08:22:25', '2025-05-12 08:22:25'),
(1267, 57, 'Hiiiiiiiii', 1, NULL, '2025-05-12 08:22:36', '2025-05-12 08:22:36'),
(1268, 28, 'Mas dimas ganteng', 0, NULL, '2025-05-12 08:22:40', '2025-05-12 08:22:40'),
(1269, 31, ' ^__^', 1, NULL, '2025-05-12 08:22:47', '2025-05-12 08:22:47'),
(1270, 28, 'Mas adit ganteng banget', 1, NULL, '2025-05-12 08:23:15', '2025-05-12 08:23:15'),
(1271, 51, 'I love mba fh', 1, NULL, '2025-05-15 00:22:21', '2025-05-15 00:22:21'),
(1272, 51, 'Nim 91 manis kaya rambutan', 1, NULL, '2025-05-15 01:06:55', '2025-05-15 01:06:55'),
(1273, 78, 'seeo s nya semangat', 1, NULL, '2025-05-16 11:51:24', '2025-05-16 11:51:24'),
(1274, 85, 'Haiiiiiii', 1, NULL, '2025-05-20 04:00:00', '2025-05-20 04:00:00'),
(1275, 3, 'Halloo', 0, NULL, '2025-06-02 09:09:16', '2025-06-02 09:09:16'),
(1276, 28, 'eh cara bayar iwp gmna lupa', 0, NULL, '2025-06-10 13:03:52', '2025-06-10 13:03:52'),
(1277, 25, 'guysss, bayar iwp di profile yaa, pilih mau berapa bulan yg dibayar terus upload bukti bayarnya, thanksss', 1, NULL, '2025-06-11 04:37:24', '2025-06-11 04:37:24'),
(1278, 54, 'jangan lupa beli blaterian 3', 0, NULL, '2025-06-11 13:26:56', '2025-06-11 13:26:56'),
(1279, 16, 'ciee ciee', 0, NULL, '2025-06-15 13:00:58', '2025-06-15 13:00:58'),
(1280, 66, 'aduh salim gantengnyaa', 1, NULL, '2025-06-19 14:35:10', '2025-06-19 14:35:10'),
(1281, 14, 'Infor 24 nim 33 ada salam dari 103', 1, NULL, '2025-06-19 14:36:52', '2025-06-19 14:36:52'),
(1282, 28, 'mas dimas ganteng banget malem iniichhh', 1, NULL, '2025-06-19 14:37:32', '2025-06-19 14:37:32'),
(1283, 28, 'ciee mba sellyy', 0, NULL, '2025-06-19 14:38:03', '2025-06-19 14:38:03'),
(1284, 39, 'Malam keos inichh', 0, NULL, '2025-06-19 14:38:32', '2025-06-19 14:38:32'),
(1285, 12, 'info healing uas bosqu', 0, NULL, '2025-06-25 12:42:37', '2025-06-25 12:42:37'),
(1286, 13, 'bolu, bolu apa yang besar? bolubudul xixixi', 1, NULL, '2025-07-21 02:33:04', '2025-07-21 02:33:04');

-- --------------------------------------------------------

--
-- Table structure for table `production_staff`
--

CREATE TABLE `production_staff` (
  `stand_id` int(11) NOT NULL,
  `staff_id` int(11) NOT NULL,
  `deleted_at` timestamp NULL DEFAULT NULL,
  `created_at` timestamp NULL DEFAULT NULL,
  `updated_at` timestamp NULL DEFAULT NULL
) ENGINE=InnoDB DEFAULT CHARSET=utf8mb4 COLLATE=utf8mb4_unicode_ci;

--
-- Dumping data for table `production_staff`
--

INSERT INTO `production_staff` (`stand_id`, `staff_id`, `deleted_at`, `created_at`, `updated_at`) VALUES
(14, 15, NULL, NULL, NULL),
(15, 3, NULL, NULL, NULL),
(3, 51, NULL, NULL, NULL),
(16, 3, NULL, NULL, NULL),
(17, 3, NULL, NULL, NULL),
(19, 15, NULL, NULL, NULL);

-- --------------------------------------------------------

--
-- Table structure for table `product_image`
--

CREATE TABLE `product_image` (
  `id` bigint(20) UNSIGNED NOT NULL,
  `image` varchar(255) NOT NULL,
  `product_id` int(11) NOT NULL DEFAULT 0,
  `note` varchar(255) DEFAULT NULL,
  `deleted_at` timestamp NULL DEFAULT NULL,
  `created_at` timestamp NULL DEFAULT NULL,
  `updated_at` timestamp NULL DEFAULT NULL
) ENGINE=InnoDB DEFAULT CHARSET=utf8mb4 COLLATE=utf8mb4_unicode_ci;

-- --------------------------------------------------------

--
-- Table structure for table `product_variant`
--

CREATE TABLE `product_variant` (
  `id` bigint(20) UNSIGNED NOT NULL,
  `product_id` int(11) NOT NULL,
  `name` varchar(255) NOT NULL,
  `description` text NOT NULL,
  `price` int(11) NOT NULL,
  `sale` int(11) NOT NULL DEFAULT 0,
  `stock` int(11) NOT NULL DEFAULT 0,
  `rate` double NOT NULL DEFAULT 0,
  `deleted_at` timestamp NULL DEFAULT NULL,
  `created_at` timestamp NULL DEFAULT NULL,
  `updated_at` timestamp NULL DEFAULT NULL
) ENGINE=InnoDB DEFAULT CHARSET=utf8mb4 COLLATE=utf8mb4_unicode_ci;

--
-- Dumping data for table `product_variant`
--

INSERT INTO `product_variant` (`id`, `product_id`, `name`, `description`, `price`, `sale`, `stock`, `rate`, `deleted_at`, `created_at`, `updated_at`) VALUES
(4, 4, 'Big bucket', 'Bucket bunga besar dan jajanan', 30000, 1, 10, 0, NULL, '2025-02-13 14:24:07', '2025-02-13 14:29:26'),
(5, 4, 'Small bucket', 'Bunga kecil', 15000, 1, 10, 0, NULL, '2025-02-13 14:25:08', '2025-02-13 14:29:26');

-- --------------------------------------------------------

--
-- Table structure for table `program`
--

CREATE TABLE `program` (
  `id` bigint(20) UNSIGNED NOT NULL,
  `name` varchar(255) NOT NULL,
  `department_id` int(11) NOT NULL,
  `pic_id` int(11) NOT NULL,
  `budget` int(11) NOT NULL DEFAULT 0,
  `expense` int(11) NOT NULL DEFAULT 0,
  `disbursement` int(11) NOT NULL DEFAULT 0,
  `financial_id` int(11) NOT NULL DEFAULT 0,
  `staff_lock` int(11) NOT NULL DEFAULT 0,
  `deleted_at` timestamp NULL DEFAULT NULL,
  `created_at` timestamp NULL DEFAULT NULL,
  `updated_at` timestamp NULL DEFAULT NULL
) ENGINE=InnoDB DEFAULT CHARSET=utf8mb4 COLLATE=utf8mb4_unicode_ci;

--
-- Dumping data for table `program`
--

INSERT INTO `program` (`id`, `name`, `department_id`, `pic_id`, `budget`, `expense`, `disbursement`, `financial_id`, `staff_lock`, `deleted_at`, `created_at`, `updated_at`) VALUES
(1, 'Baca Baci', 1, 1, 0, 0, 0, 0, 0, '2024-12-04 18:14:29', '2024-11-27 08:59:44', '2024-12-04 18:14:29'),
(2, 'Program Tes', 3, 1, 0, 40000, 300000, 3, 0, '2025-02-13 11:32:57', '2024-12-12 11:49:36', '2025-02-13 11:32:57'),
(3, 'Pengawasan Kinerja', 5, 14, 0, 0, 0, 0, 0, '2025-02-13 13:04:01', '2025-02-13 12:57:45', '2025-02-13 13:04:01'),
(4, 'Tata Tertib', 4, 11, 0, 0, 0, 0, 0, NULL, '2025-02-13 12:58:11', '2025-02-13 12:58:11'),
(5, 'Upgrading', 5, 14, 0, -15000, 0, 0, 0, '2025-05-04 07:16:31', '2025-02-13 13:04:11', '2025-05-04 07:16:31'),
(6, 'EntClass', 5, 67, 1916000, 0, 0, 24, 0, NULL, '2025-04-13 04:26:20', '2025-05-29 04:12:54'),
(7, 'Rapat Pleno', 13, 12, 0, 0, 0, 0, 0, '2025-04-30 04:46:40', '2025-04-25 07:51:27', '2025-04-30 04:46:40'),
(8, 'SOTM & SOTY', 13, 12, 0, 0, 0, 0, 0, NULL, '2025-04-25 07:53:23', '2025-05-08 05:50:19'),
(9, 'Departement to Departement', 12, 16, 140000, 0, 0, 24, 0, NULL, '2025-04-25 10:44:15', '2025-06-04 08:54:17'),
(10, 'Testing', 14, 3, 0, 0, 0, 0, 0, '2025-04-26 03:13:51', '2025-04-25 13:35:41', '2025-04-26 03:13:51'),
(11, 'Testing', 15, 3, 0, 0, 0, 0, 0, '2025-04-28 13:44:10', '2025-04-28 13:09:17', '2025-04-28 13:44:10'),
(12, 'Rapat Pleno', 13, 12, 60000, 0, 0, 16, 0, NULL, '2025-04-30 04:46:59', '2025-05-12 08:57:00'),
(13, 'SEEO Media', 8, 56, 675000, 0, 0, 61, 0, NULL, '2025-05-04 02:14:28', '2025-06-27 14:19:55'),
(14, 'LinkedIn', 8, 56, 0, 0, 0, 0, 0, NULL, '2025-05-04 02:14:55', '2025-05-04 02:14:55'),
(15, 'SEEO Connect', 8, 13, 305000, 0, 0, 61, 0, NULL, '2025-05-04 02:15:13', '2025-06-27 14:20:29'),
(16, 'Website SEEO', 8, 25, 500000, 0, 0, 16, 0, NULL, '2025-05-04 02:15:41', '2025-05-12 08:29:54'),
(17, 'Pengiklanan & Pemasaran', 8, 33, 0, 0, 0, 0, 0, NULL, '2025-05-04 02:16:21', '2025-05-04 02:16:21'),
(18, 'Katalog', 8, 59, 0, 0, 0, 0, 0, NULL, '2025-05-04 02:16:32', '2025-05-04 02:16:32'),
(19, 'E-Pod', 8, 31, 0, 0, 0, 0, 0, NULL, '2025-05-04 02:16:51', '2025-05-04 02:16:51'),
(20, 'Upgrading 1-3', 5, 28, 5260000, 0, 0, 61, 0, NULL, '2025-05-04 02:21:49', '2025-06-27 14:14:57'),
(21, 'Pengawasan Kinerja', 5, 14, 0, 0, 0, 24, 0, NULL, '2025-05-04 02:22:27', '2025-05-30 13:01:30'),
(22, 'Internship', 5, 39, 442500, 0, 0, 61, 0, NULL, '2025-05-04 02:22:53', '2025-06-27 14:16:43'),
(23, 'Pesta Wiralingga', 5, 46, 0, 0, 0, 0, 0, '2025-05-12 08:41:50', '2025-05-04 02:23:13', '2025-05-12 08:41:50'),
(24, 'Musyang', 5, 66, 470000, 0, 0, 0, 0, NULL, '2025-05-04 02:23:43', '2025-06-10 09:53:19'),
(25, 'Inventory Control', 9, 55, 0, 0, 0, 0, 0, '2025-05-04 09:04:02', '2025-05-04 09:03:38', '2025-05-04 09:04:02'),
(26, 'Inventory Control', 9, 55, 0, 0, 0, 0, 0, '2025-05-04 09:03:57', '2025-05-04 09:03:42', '2025-05-04 09:03:57'),
(27, 'Inventory Control', 9, 55, 0, 0, 0, 0, 0, '2025-05-04 09:04:05', '2025-05-04 09:03:43', '2025-05-04 09:04:05'),
(28, 'Inventory Control', 9, 55, 0, 0, 0, 0, 0, NULL, '2025-05-04 09:03:44', '2025-05-04 09:03:44'),
(29, 'Inventory Control', 9, 55, 0, 0, 0, 0, 0, '2025-05-04 09:06:02', '2025-05-04 09:03:44', '2025-05-04 09:06:02'),
(30, 'Inventory Control', 9, 55, 0, 0, 0, 0, 0, '2025-05-04 09:03:53', '2025-05-04 09:03:44', '2025-05-04 09:03:53'),
(31, 'Inventory Control', 9, 55, 0, 0, 0, 0, 0, '2025-05-04 09:06:11', '2025-05-04 09:03:44', '2025-05-04 09:06:11'),
(32, 'Inventory Control', 9, 55, 0, 0, 0, 0, 0, '2025-05-04 09:05:57', '2025-05-04 09:03:45', '2025-05-04 09:05:57'),
(33, 'Inventory Control', 9, 55, 0, 0, 0, 0, 0, '2025-05-04 09:06:06', '2025-05-04 09:03:45', '2025-05-04 09:06:06'),
(34, 'Inventory Control', 9, 55, 0, 0, 0, 0, 0, '2025-05-04 09:06:15', '2025-05-04 09:03:45', '2025-05-04 09:06:15'),
(35, 'Inventory Control', 9, 55, 0, 0, 0, 0, 0, '2025-05-04 09:05:51', '2025-05-04 09:03:45', '2025-05-04 09:05:51'),
(36, 'Inventory Control', 9, 55, 0, 0, 0, 0, 0, '2025-05-04 09:05:42', '2025-05-04 09:03:46', '2025-05-04 09:05:42'),
(37, 'Inventory Control', 9, 55, 0, 0, 0, 0, 0, '2025-05-04 09:05:22', '2025-05-04 09:03:46', '2025-05-04 09:05:22'),
(38, 'Inventory Control', 9, 55, 0, 0, 0, 0, 0, '2025-05-04 09:05:12', '2025-05-04 09:03:46', '2025-05-04 09:05:12'),
(39, 'Inventory Control', 9, 55, 0, 0, 0, 0, 0, '2025-05-04 09:04:54', '2025-05-04 09:03:46', '2025-05-04 09:04:54'),
(40, 'Design Product', 9, 82, 0, 0, 0, 0, 0, NULL, '2025-05-04 09:06:47', '2025-05-04 09:06:47'),
(41, 'Sekre Bersih', 11, 45, 0, 0, 0, 0, 0, '2025-05-05 02:54:09', '2025-05-05 02:53:51', '2025-05-05 02:54:09'),
(42, 'Pengawasan Kinerja', 4, 11, 0, 0, 0, 16, 0, NULL, '2025-05-05 10:15:22', '2025-05-15 01:10:33'),
(43, 'Blaterian', 4, 51, 0, 0, 0, 0, 0, NULL, '2025-05-05 10:16:04', '2025-05-05 10:16:04'),
(44, 'Bagi Hasil', 4, 44, 0, 0, 0, 0, 0, NULL, '2025-05-05 10:17:40', '2025-05-05 10:17:40'),
(45, 'Production and Planning', 9, 85, 0, 0, 0, 0, 0, NULL, '2025-05-05 10:57:24', '2025-05-05 10:57:24'),
(46, 'Purchasing', 9, 87, 240000, 0, 0, 16, 0, NULL, '2025-05-05 10:57:43', '2025-05-12 08:52:20'),
(47, 'Supervision and Controlling', 9, 15, 0, 0, 0, 0, 0, NULL, '2025-05-05 10:58:05', '2025-05-05 10:58:05'),
(48, 'PDH and Co-Card', 9, 15, 0, 0, 0, 0, 0, NULL, '2025-05-05 10:58:50', '2025-05-05 10:58:50'),
(49, 'Inventory Control', 9, 68, 0, 0, 0, 0, 0, '2025-05-05 11:00:29', '2025-05-05 11:00:18', '2025-05-05 11:00:29'),
(50, 'Internal Supervisor', 12, 16, 0, 0, 0, 0, 0, '2025-05-06 09:12:00', '2025-05-05 12:50:12', '2025-05-06 09:12:00'),
(51, 'Evaluasi dan Pelaporan Usaha', 6, 37, 0, 0, 0, 0, 0, NULL, '2025-05-05 15:24:31', '2025-05-05 15:24:31'),
(52, 'Evaluasi dan Pelaporan Usaha', 6, 37, 0, 0, 0, 0, 0, '2025-05-05 15:24:40', '2025-05-05 15:24:32', '2025-05-05 15:24:40'),
(53, 'Transparasi Keuangan', 6, 78, 0, 0, 0, 0, 0, '2025-05-05 15:26:17', '2025-05-05 15:25:52', '2025-05-05 15:26:17'),
(54, 'Transparasi Keuangan', 6, 78, 0, 0, 0, 0, 0, NULL, '2025-05-05 15:26:37', '2025-05-05 15:26:37'),
(55, 'Forum Bendahara', 6, 78, 0, 0, 0, 0, 0, '2025-05-05 15:27:04', '2025-05-05 15:26:56', '2025-05-05 15:27:04'),
(56, 'Forum Bendahara', 6, 61, 0, 0, 0, 0, 0, '2025-05-05 15:27:23', '2025-05-05 15:27:17', '2025-05-05 15:27:23'),
(57, 'Forum Bendahara', 6, 61, 0, 0, 0, 0, 0, NULL, '2025-05-05 15:27:18', '2025-05-05 15:27:18'),
(58, 'Anggaran Keuangan', 6, 78, 0, 0, 0, 0, 0, NULL, '2025-05-05 15:28:02', '2025-05-05 15:28:02'),
(59, 'Iuran Wajib Panitia', 6, 78, 0, 0, 0, 0, 0, '2025-05-05 15:29:58', '2025-05-05 15:29:50', '2025-05-05 15:29:58'),
(60, 'Iuran Wajib Pengurus', 6, 78, 0, 0, 0, 0, 0, NULL, '2025-05-05 15:30:28', '2025-05-05 15:30:28'),
(61, 'Internal Supervisor and Controlling', 12, 16, 0, 0, 0, 16, 0, NULL, '2025-05-06 09:13:02', '2025-05-08 05:49:59'),
(62, 'BILLING', 10, 30, 0, 0, 0, 0, 0, NULL, '2025-05-08 12:15:23', '2025-05-08 12:15:23'),
(63, 'SALES', 10, 54, 193000, 0, 0, 24, 0, NULL, '2025-05-08 12:16:03', '2025-05-21 14:43:13'),
(64, 'SHIPPING', 10, 65, 104000, 0, 0, 16, 0, NULL, '2025-05-08 12:19:34', '2025-05-08 12:55:23'),
(65, 'SEKRE BERSIH', 11, 29, 76000, 0, 0, 24, 0, NULL, '2025-05-09 04:54:55', '2025-06-12 12:31:32'),
(66, 'Pengarsipan dan Pengadaan Inventarisasi', 11, 29, 420000, 0, 0, 24, 0, NULL, '2025-05-09 04:55:55', '2025-06-17 07:34:28'),
(67, 'Manajemen Administrasi', 11, 45, 0, 0, 0, 0, 0, NULL, '2025-05-09 04:56:23', '2025-05-09 04:56:23'),
(68, 'Standarisasi Administrasi', 11, 45, 0, 0, 0, 0, 0, NULL, '2025-05-09 04:56:52', '2025-05-09 04:56:52'),
(69, 'Koordinasi Internal', 11, 22, 0, 0, 0, 0, 0, NULL, '2025-05-09 04:57:16', '2025-05-09 04:57:16'),
(70, 'Pengawasan Kinerja', 11, 22, 0, 0, 0, 0, 0, NULL, '2025-05-09 04:57:38', '2025-05-09 04:57:38'),
(71, 'PEGAWASAN KINERJA', 10, 21, 0, 0, 0, 0, 0, NULL, '2025-05-10 13:55:16', '2025-05-10 13:55:16'),
(72, 'Pesta Wiralingga', 5, 53, 2129500, 0, 0, 61, 0, NULL, '2025-05-12 08:42:30', '2025-06-27 14:18:51'),
(73, 'kwkwkwk', 5, 21, 0, 0, 0, 0, 0, '2025-05-12 08:48:32', '2025-05-12 08:47:02', '2025-05-12 08:48:32'),
(74, 'Visitasi', 7, 50, 0, 0, 0, 0, 0, NULL, '2025-05-12 17:03:40', '2025-05-21 14:43:32'),
(75, 'Entrepreneur Competition', 7, 63, 0, 0, 0, 0, 0, NULL, '2025-05-21 14:42:40', '2025-05-21 14:42:40'),
(76, 'Seminar Nasional', 7, 38, 0, 0, 0, 0, 0, NULL, '2025-05-21 14:43:00', '2025-05-21 14:43:00'),
(77, 'Partnership', 7, 52, 0, 0, 0, 0, 0, NULL, '2025-05-21 14:43:17', '2025-05-21 14:43:17'),
(78, 'Delegasi', 7, 23, 0, 0, 0, 0, 0, NULL, '2025-05-21 14:45:04', '2025-05-21 14:45:04'),
(79, 'Greeting Card', 5, 14, 0, 0, 0, 24, 0, NULL, '2025-05-30 12:36:51', '2025-05-30 13:01:24'),
(80, 'Testing', 16, 3, 0, 0, 0, 3, 0, NULL, '2025-06-09 10:56:59', '2025-06-09 10:57:36');

-- --------------------------------------------------------

--
-- Table structure for table `program_staff`
--

CREATE TABLE `program_staff` (
  `id` bigint(20) UNSIGNED NOT NULL,
  `program_id` int(11) NOT NULL,
  `user_id` int(11) NOT NULL,
  `title` varchar(255) NOT NULL,
  `deleted_at` timestamp NULL DEFAULT NULL,
  `created_at` timestamp NULL DEFAULT NULL,
  `updated_at` timestamp NULL DEFAULT NULL
) ENGINE=InnoDB DEFAULT CHARSET=utf8mb4 COLLATE=utf8mb4_unicode_ci;

--
-- Dumping data for table `program_staff`
--

INSERT INTO `program_staff` (`id`, `program_id`, `user_id`, `title`, `deleted_at`, `created_at`, `updated_at`) VALUES
(1, 1, 1, 'Person In Charge', NULL, '2024-11-27 08:59:44', '2024-11-27 08:59:44'),
(2, 2, 1, 'Person In Charge', NULL, '2024-12-12 11:49:36', '2024-12-12 11:49:36'),
(3, 3, 14, 'Person In Charge', '2025-02-13 13:04:01', '2025-02-13 12:57:45', '2025-02-13 13:04:01'),
(4, 4, 11, 'Person In Charge', NULL, '2025-02-13 12:58:11', '2025-02-13 12:58:11'),
(5, 5, 14, 'Person In Charge', '2025-05-04 07:16:31', '2025-02-13 13:04:11', '2025-05-04 07:16:31'),
(6, 5, 13, 'PDD', '2025-05-04 07:16:26', '2025-02-13 13:28:25', '2025-05-04 07:16:26'),
(7, 4, 14, 'ATP', '2025-04-23 09:36:00', '2025-02-13 13:35:29', '2025-04-23 09:36:00'),
(8, 6, 67, 'Person In Charge', NULL, '2025-04-13 04:26:20', '2025-04-13 04:26:20'),
(9, 7, 12, 'Person In Charge', '2025-04-30 04:46:40', '2025-04-25 07:51:27', '2025-04-30 04:46:40'),
(10, 8, 12, 'Person In Charge', NULL, '2025-04-25 07:53:23', '2025-04-25 07:53:23'),
(11, 9, 16, 'Person In Charge', NULL, '2025-04-25 10:44:15', '2025-04-25 10:44:15'),
(12, 10, 3, 'Person In Charge', '2025-04-26 03:13:51', '2025-04-25 13:35:41', '2025-04-26 03:13:51'),
(13, 11, 3, 'Person In Charge', '2025-05-07 08:38:08', '2025-04-28 13:09:17', '2025-04-28 13:09:17'),
(14, 12, 12, 'Person In Charge', NULL, '2025-04-30 04:46:59', '2025-04-30 04:46:59'),
(15, 13, 56, 'Person In Charge', NULL, '2025-05-04 02:14:28', '2025-05-04 02:14:28'),
(16, 14, 56, 'Person In Charge', NULL, '2025-05-04 02:14:55', '2025-05-04 02:14:55'),
(17, 15, 13, 'Person In Charge', NULL, '2025-05-04 02:15:13', '2025-05-04 02:15:13'),
(18, 16, 25, 'Person In Charge', NULL, '2025-05-04 02:15:41', '2025-05-04 02:15:41'),
(19, 17, 33, 'Person In Charge', NULL, '2025-05-04 02:16:21', '2025-05-04 02:16:21'),
(20, 18, 59, 'Person In Charge', NULL, '2025-05-04 02:16:32', '2025-05-04 02:16:32'),
(21, 19, 31, 'Person In Charge', NULL, '2025-05-04 02:16:51', '2025-05-04 02:16:51'),
(22, 20, 28, 'Person In Charge', NULL, '2025-05-04 02:21:49', '2025-05-04 02:21:49'),
(23, 21, 14, 'Person In Charge', NULL, '2025-05-04 02:22:27', '2025-05-04 02:22:27'),
(24, 22, 39, 'Person In Charge', NULL, '2025-05-04 02:22:53', '2025-05-04 02:22:53'),
(25, 23, 46, 'Person In Charge', '2025-05-12 08:41:50', '2025-05-04 02:23:13', '2025-05-12 08:41:50'),
(26, 24, 66, 'Person In Charge', NULL, '2025-05-04 02:23:43', '2025-05-04 02:23:43'),
(27, 25, 55, 'Person In Charge', '2025-05-04 09:04:02', '2025-05-04 09:03:38', '2025-05-04 09:04:02'),
(28, 26, 55, 'Person In Charge', '2025-05-04 09:03:57', '2025-05-04 09:03:42', '2025-05-04 09:03:57'),
(29, 27, 55, 'Person In Charge', '2025-05-04 09:04:05', '2025-05-04 09:03:43', '2025-05-04 09:04:05'),
(30, 28, 55, 'Person In Charge', NULL, '2025-05-04 09:03:44', '2025-05-04 09:03:44'),
(31, 29, 55, 'Person In Charge', '2025-05-04 09:06:02', '2025-05-04 09:03:44', '2025-05-04 09:06:02'),
(32, 30, 55, 'Person In Charge', '2025-05-04 09:03:53', '2025-05-04 09:03:44', '2025-05-04 09:03:53'),
(33, 31, 55, 'Person In Charge', '2025-05-04 09:06:11', '2025-05-04 09:03:44', '2025-05-04 09:06:11'),
(34, 32, 55, 'Person In Charge', '2025-05-04 09:05:57', '2025-05-04 09:03:45', '2025-05-04 09:05:57'),
(35, 33, 55, 'Person In Charge', '2025-05-04 09:06:06', '2025-05-04 09:03:45', '2025-05-04 09:06:06'),
(36, 34, 55, 'Person In Charge', '2025-05-04 09:06:15', '2025-05-04 09:03:45', '2025-05-04 09:06:15'),
(37, 35, 55, 'Person In Charge', '2025-05-04 09:05:51', '2025-05-04 09:03:46', '2025-05-04 09:05:51'),
(38, 36, 55, 'Person In Charge', '2025-05-04 09:05:42', '2025-05-04 09:03:46', '2025-05-04 09:05:42'),
(39, 37, 55, 'Person In Charge', '2025-05-04 09:05:22', '2025-05-04 09:03:46', '2025-05-04 09:05:22'),
(40, 38, 55, 'Person In Charge', '2025-05-04 09:05:12', '2025-05-04 09:03:46', '2025-05-04 09:05:12'),
(41, 39, 55, 'Person In Charge', '2025-05-04 09:04:54', '2025-05-04 09:03:46', '2025-05-04 09:04:54'),
(42, 40, 82, 'Person In Charge', NULL, '2025-05-04 09:06:47', '2025-05-04 09:06:47'),
(43, 41, 45, 'Person In Charge', '2025-05-05 02:54:09', '2025-05-05 02:53:51', '2025-05-05 02:54:09'),
(44, 42, 11, 'Person In Charge', NULL, '2025-05-05 10:15:22', '2025-05-05 10:15:22'),
(45, 43, 51, 'Person In Charge', NULL, '2025-05-05 10:16:04', '2025-05-05 10:16:04'),
(46, 44, 44, 'Person In Charge', NULL, '2025-05-05 10:17:40', '2025-05-05 10:17:40'),
(47, 45, 85, 'Person In Charge', NULL, '2025-05-05 10:57:24', '2025-05-05 10:57:24'),
(48, 46, 87, 'Person In Charge', NULL, '2025-05-05 10:57:43', '2025-05-05 10:57:43'),
(49, 47, 15, 'Person In Charge', NULL, '2025-05-05 10:58:05', '2025-05-05 10:58:05'),
(50, 48, 15, 'Person In Charge', NULL, '2025-05-05 10:58:50', '2025-05-05 10:58:50'),
(51, 49, 68, 'Person In Charge', '2025-05-05 11:00:29', '2025-05-05 11:00:18', '2025-05-05 11:00:29'),
(52, 50, 16, 'Person In Charge', '2025-05-06 09:12:00', '2025-05-05 12:50:12', '2025-05-06 09:12:00'),
(53, 51, 37, 'Person In Charge', NULL, '2025-05-05 15:24:31', '2025-05-05 15:24:31'),
(54, 52, 37, 'Person In Charge', '2025-05-05 15:24:40', '2025-05-05 15:24:32', '2025-05-05 15:24:40'),
(55, 53, 78, 'Person In Charge', '2025-05-05 15:26:17', '2025-05-05 15:25:52', '2025-05-05 15:26:17'),
(56, 54, 78, 'Person In Charge', NULL, '2025-05-05 15:26:37', '2025-05-05 15:26:37'),
(57, 55, 78, 'Person In Charge', '2025-05-05 15:27:04', '2025-05-05 15:26:56', '2025-05-05 15:27:04'),
(58, 56, 61, 'Person In Charge', '2025-05-05 15:27:23', '2025-05-05 15:27:17', '2025-05-05 15:27:23'),
(59, 57, 61, 'Person In Charge', NULL, '2025-05-05 15:27:18', '2025-05-05 15:27:18'),
(60, 58, 78, 'Person In Charge', NULL, '2025-05-05 15:28:02', '2025-05-05 15:28:02'),
(61, 59, 78, 'Person In Charge', '2025-05-05 15:29:58', '2025-05-05 15:29:50', '2025-05-05 15:29:58'),
(62, 60, 78, 'Person In Charge', NULL, '2025-05-05 15:30:28', '2025-05-05 15:30:28'),
(63, 61, 16, 'Person In Charge', NULL, '2025-05-06 09:13:02', '2025-05-06 09:13:02'),
(64, 62, 30, 'Person In Charge', NULL, '2025-05-08 12:15:23', '2025-05-08 12:15:23'),
(65, 63, 54, 'Person In Charge', NULL, '2025-05-08 12:16:04', '2025-05-08 12:16:04'),
(66, 64, 65, 'Person In Charge', NULL, '2025-05-08 12:19:34', '2025-05-08 12:19:34'),
(67, 64, 64, 'Shipping', '2025-05-08 12:57:20', '2025-05-08 12:57:06', '2025-05-08 12:57:20'),
(68, 64, 64, 'Shipping', NULL, '2025-05-08 12:57:36', '2025-05-08 12:57:36'),
(69, 65, 29, 'Person In Charge', NULL, '2025-05-09 04:54:55', '2025-05-09 04:54:55'),
(70, 66, 29, 'Person In Charge', NULL, '2025-05-09 04:55:55', '2025-05-09 04:55:55'),
(71, 67, 45, 'Person In Charge', NULL, '2025-05-09 04:56:23', '2025-05-09 04:56:23'),
(72, 68, 45, 'Person In Charge', NULL, '2025-05-09 04:56:52', '2025-05-09 04:56:52'),
(73, 69, 22, 'Person In Charge', NULL, '2025-05-09 04:57:16', '2025-05-09 04:57:16'),
(74, 70, 22, 'Person In Charge', NULL, '2025-05-09 04:57:38', '2025-05-09 04:57:38'),
(75, 71, 21, 'Person In Charge', NULL, '2025-05-10 13:55:16', '2025-05-10 13:55:16'),
(76, 72, 53, 'Person In Charge', NULL, '2025-05-12 08:42:30', '2025-05-12 08:42:30'),
(77, 73, 21, 'Person In Charge', '2025-05-12 08:48:32', '2025-05-12 08:47:02', '2025-05-12 08:48:32'),
(78, 16, 14, 'Asisten', '2025-05-15 04:42:42', '2025-05-12 08:50:38', '2025-05-15 04:42:42'),
(79, 20, 33, 'PDD', NULL, '2025-05-12 08:53:10', '2025-05-12 08:53:10'),
(80, 20, 31, 'PDD', NULL, '2025-05-12 08:53:33', '2025-05-12 08:53:33'),
(81, 20, 25, 'ATP', NULL, '2025-05-12 08:54:22', '2025-05-12 08:54:22'),
(82, 46, 88, 'Purchase', NULL, '2025-05-12 08:54:33', '2025-05-12 08:54:33'),
(83, 20, 43, 'ATP', NULL, '2025-05-12 08:54:55', '2025-05-12 08:54:55'),
(84, 20, 65, 'ATP', NULL, '2025-05-12 08:55:37', '2025-05-12 08:55:37'),
(85, 20, 26, 'ATP', NULL, '2025-05-12 08:56:44', '2025-05-12 08:56:44'),
(86, 20, 15, 'Acara', NULL, '2025-05-12 08:58:00', '2025-05-12 08:58:00'),
(87, 20, 14, 'Acara', NULL, '2025-05-12 08:58:11', '2025-05-12 08:58:11'),
(88, 12, 14, 'Staff', NULL, '2025-05-12 08:58:31', '2025-05-12 08:58:31'),
(89, 20, 55, 'Acara', NULL, '2025-05-12 08:58:32', '2025-05-12 08:58:32'),
(90, 74, 50, 'Person In Charge', NULL, '2025-05-12 17:03:40', '2025-05-12 17:03:40'),
(91, 74, 96, 'Ketua Pelaksana', NULL, '2025-05-12 17:17:13', '2025-05-12 17:17:13'),
(92, 42, 44, 'staff', NULL, '2025-05-15 01:12:18', '2025-05-15 01:12:18'),
(93, 42, 41, 'staff', NULL, '2025-05-15 01:12:38', '2025-05-15 01:12:38'),
(94, 42, 51, 'staff', NULL, '2025-05-15 01:12:54', '2025-05-15 01:12:54'),
(95, 12, 11, 'Staff', NULL, '2025-05-15 04:11:34', '2025-05-15 04:11:34'),
(96, 12, 13, 'Staff', NULL, '2025-05-15 04:11:42', '2025-05-15 04:11:42'),
(97, 12, 15, 'Staff', NULL, '2025-05-15 04:12:00', '2025-05-15 04:12:00'),
(98, 12, 16, 'Staff', '2025-05-15 04:12:41', '2025-05-15 04:12:25', '2025-05-15 04:12:41'),
(99, 12, 16, 'Staff', '2025-05-15 04:12:47', '2025-05-15 04:12:26', '2025-05-15 04:12:47'),
(100, 12, 16, 'Staff', NULL, '2025-05-15 04:12:26', '2025-05-15 04:12:26'),
(101, 12, 16, 'Staff', '2025-05-15 04:12:37', '2025-05-15 04:12:27', '2025-05-15 04:12:37'),
(102, 16, 21, 'Staff', '2025-05-15 04:39:30', '2025-05-15 04:34:33', '2025-05-15 04:39:30'),
(103, 16, 82, 'Staff', '2025-05-15 04:42:06', '2025-05-15 04:35:48', '2025-05-15 04:42:06'),
(104, 16, 31, 'Staff', '2025-05-15 04:42:11', '2025-05-15 04:36:19', '2025-05-15 04:42:11'),
(105, 16, 26, 'Staff', '2025-05-15 04:42:18', '2025-05-15 04:36:47', '2025-05-15 04:42:18'),
(106, 16, 35, 'Staff', '2025-05-15 04:37:49', '2025-05-15 04:37:05', '2025-05-15 04:37:49'),
(107, 16, 87, 'Staff', '2025-05-15 04:37:52', '2025-05-15 04:37:33', '2025-05-15 04:37:52'),
(108, 16, 21, 'Staff', '2025-05-15 04:42:22', '2025-05-15 04:41:00', '2025-05-15 04:42:22'),
(109, 16, 21, 'Staff', '2025-05-15 04:43:43', '2025-05-15 04:43:17', '2025-05-15 04:43:43'),
(110, 16, 21, 'Staff', '2025-05-15 04:44:34', '2025-05-15 04:43:18', '2025-05-15 04:44:34'),
(111, 16, 21, 'Staff', '2025-05-15 04:44:36', '2025-05-15 04:43:18', '2025-05-15 04:44:36'),
(112, 16, 21, 'Staff', '2025-05-15 04:44:38', '2025-05-15 04:43:18', '2025-05-15 04:44:38'),
(113, 16, 21, 'Staff', '2025-05-15 04:44:40', '2025-05-15 04:43:18', '2025-05-15 04:44:40'),
(114, 16, 21, 'Staff', '2025-05-15 04:44:42', '2025-05-15 04:43:19', '2025-05-15 04:44:42'),
(115, 16, 21, 'Staff', '2025-05-15 04:44:45', '2025-05-15 04:43:19', '2025-05-15 04:44:45'),
(116, 16, 16, 'Staff', '2025-05-15 04:45:01', '2025-05-15 04:44:15', '2025-05-15 04:45:01'),
(117, 16, 16, 'Staff', '2025-05-15 04:44:55', '2025-05-15 04:44:18', '2025-05-15 04:44:55'),
(118, 16, 16, 'Staff', '2025-05-15 04:44:53', '2025-05-15 04:44:18', '2025-05-15 04:44:53'),
(119, 16, 16, 'Staff', '2025-05-15 04:44:51', '2025-05-15 04:44:20', '2025-05-15 04:44:51'),
(120, 12, 21, 'Staff', NULL, '2025-05-15 04:57:13', '2025-05-15 04:57:13'),
(121, 12, 22, 'Staff', NULL, '2025-05-15 04:59:02', '2025-05-15 04:59:02'),
(122, 75, 63, 'Person In Charge', NULL, '2025-05-21 14:42:40', '2025-05-21 14:42:40'),
(123, 76, 38, 'Person In Charge', NULL, '2025-05-21 14:43:00', '2025-05-21 14:43:00'),
(124, 77, 52, 'Person In Charge', NULL, '2025-05-21 14:43:17', '2025-05-21 14:43:17'),
(125, 78, 23, 'Person In Charge', NULL, '2025-05-21 14:45:04', '2025-05-21 14:45:04'),
(126, 6, 11, 'Perlengkapan & Peralatan', '2025-06-09 09:46:33', '2025-05-23 11:09:57', '2025-06-09 09:46:33'),
(127, 79, 14, 'Person In Charge', NULL, '2025-05-30 12:36:51', '2025-05-30 12:36:51'),
(128, 21, 28, 'staff', NULL, '2025-05-30 13:03:39', '2025-05-30 13:03:39'),
(129, 21, 39, 'staff', NULL, '2025-05-30 13:03:53', '2025-05-30 13:03:53'),
(130, 21, 53, 'staff', NULL, '2025-05-30 13:04:07', '2025-05-30 13:04:07'),
(131, 21, 66, 'staff', NULL, '2025-05-30 13:04:19', '2025-05-30 13:04:19'),
(132, 21, 67, 'staff', NULL, '2025-05-30 13:04:44', '2025-05-30 13:04:44'),
(133, 6, 22, 'Sekretaris', NULL, '2025-06-09 09:43:51', '2025-06-09 09:43:51'),
(134, 6, 24, 'Bendahara', NULL, '2025-06-09 09:44:24', '2025-06-09 09:44:24'),
(135, 6, 15, 'Acara', '2025-06-09 09:46:43', '2025-06-09 09:45:52', '2025-06-09 09:46:43'),
(136, 6, 15, 'Divisi Acara', NULL, '2025-06-09 09:47:08', '2025-06-09 09:47:08'),
(137, 6, 14, 'Divisi Acara', NULL, '2025-06-09 09:47:35', '2025-06-09 09:47:35'),
(138, 6, 53, 'Divisi Acara', '2025-06-19 14:16:48', '2025-06-09 09:48:35', '2025-06-19 14:16:48'),
(139, 6, 23, 'Divisi Humas', NULL, '2025-06-09 09:49:09', '2025-06-09 09:49:09'),
(140, 6, 66, 'Divisi Humas', NULL, '2025-06-09 09:49:28', '2025-06-09 09:49:28'),
(141, 6, 13, 'Divisi Pubdekdok', NULL, '2025-06-09 09:50:29', '2025-06-09 09:50:29'),
(142, 6, 11, 'Divisi Perlengkapan dan Peralatan', NULL, '2025-06-09 09:51:07', '2025-06-09 09:51:07'),
(143, 6, 28, 'Divisi Perlengkapan dan Peralatan', NULL, '2025-06-09 09:51:32', '2025-06-09 09:51:32'),
(144, 6, 21, 'Divisi Konsumsi', NULL, '2025-06-09 09:52:08', '2025-06-09 09:52:08'),
(145, 6, 39, 'Divisi Konsumsi', NULL, '2025-06-09 09:53:01', '2025-06-09 09:53:01'),
(146, 6, 12, 'Penanggung Jawab', NULL, '2025-06-09 09:54:29', '2025-06-09 09:54:29'),
(147, 80, 3, 'Person In Charge', NULL, '2025-06-09 10:56:59', '2025-06-09 10:56:59'),
(148, 6, 53, 'Divisi Acara', NULL, '2025-06-19 14:22:59', '2025-06-19 14:22:59'),
(149, 22, 45, 'Sekertaris', NULL, '2025-06-29 14:03:59', '2025-06-29 14:03:59'),
(150, 22, 40, 'Bendahara', NULL, '2025-06-29 14:04:25', '2025-06-29 14:04:25'),
(151, 22, 29, 'Acara', NULL, '2025-06-29 14:05:04', '2025-06-29 14:05:04'),
(152, 22, 26, 'Acara', NULL, '2025-06-29 14:05:16', '2025-06-29 14:05:16'),
(153, 22, 85, 'Acara', NULL, '2025-06-29 14:05:49', '2025-06-29 14:05:49'),
(154, 22, 37, 'Konsumsi', NULL, '2025-06-29 14:06:17', '2025-06-29 14:06:17'),
(155, 22, 59, 'Konsumsi', NULL, '2025-06-29 14:06:41', '2025-06-29 14:06:41'),
(156, 22, 35, 'PDD', NULL, '2025-06-29 14:07:10', '2025-06-29 14:07:10'),
(157, 22, 25, 'ATP', NULL, '2025-06-29 14:07:34', '2025-06-29 14:07:34'),
(158, 22, 41, 'ATP', NULL, '2025-06-29 14:07:58', '2025-06-29 14:07:58'),
(159, 22, 65, 'ATP', NULL, '2025-06-29 14:08:23', '2025-06-29 14:08:23'),
(160, 22, 44, 'Humas', NULL, '2025-06-29 14:08:51', '2025-06-29 14:08:51'),
(161, 22, 88, 'Humas', NULL, '2025-06-29 14:09:10', '2025-06-29 14:09:10'),
(162, 72, 22, 'Sekretaris', NULL, '2025-06-29 14:18:18', '2025-06-29 14:18:18'),
(163, 72, 85, 'Bendahara', NULL, '2025-06-29 14:18:39', '2025-06-29 14:18:39'),
(164, 72, 13, 'Acara', NULL, '2025-06-29 14:19:09', '2025-06-29 14:19:09'),
(165, 72, 78, 'Acara', NULL, '2025-06-29 14:19:32', '2025-06-29 14:19:32'),
(166, 72, 63, 'Humas', NULL, '2025-06-29 14:21:05', '2025-06-29 14:21:05'),
(167, 72, 51, 'Humas', NULL, '2025-06-29 14:22:35', '2025-06-29 14:22:35'),
(168, 72, 35, 'PDD', NULL, '2025-06-29 14:22:49', '2025-06-29 14:22:49'),
(169, 72, 88, 'PDD', NULL, '2025-06-29 14:23:09', '2025-06-29 14:23:09'),
(170, 72, 44, 'ATP', NULL, '2025-06-29 14:23:59', '2025-06-29 14:23:59'),
(171, 72, 43, 'ATP', NULL, '2025-06-29 14:24:47', '2025-06-29 14:24:47'),
(172, 72, 87, 'ATP', NULL, '2025-06-29 14:25:07', '2025-06-29 14:25:07'),
(173, 72, 50, 'ATP', NULL, '2025-06-29 14:25:32', '2025-06-29 14:25:32'),
(174, 72, 62, 'Komsumsi', '2025-06-29 14:26:06', '2025-06-29 14:25:48', '2025-06-29 14:26:06'),
(175, 72, 62, 'Konsumsi', NULL, '2025-06-29 14:26:17', '2025-06-29 14:26:17'),
(176, 72, 49, 'Komsumsi', '2025-06-29 14:26:47', '2025-06-29 14:26:39', '2025-06-29 14:26:47'),
(177, 72, 49, 'Konsumsi', NULL, '2025-06-29 14:27:00', '2025-06-29 14:27:00'),
(178, 72, 58, 'Konsumsi', NULL, '2025-06-29 14:27:25', '2025-06-29 14:27:25'),
(179, 72, 31, 'Konsumsi', NULL, '2025-06-29 14:27:45', '2025-06-29 14:27:45');

-- --------------------------------------------------------

--
-- Table structure for table `roles`
--

CREATE TABLE `roles` (
  `id` bigint(20) UNSIGNED NOT NULL,
  `name` varchar(255) NOT NULL,
  `deleted_at` timestamp NULL DEFAULT NULL,
  `created_at` timestamp NULL DEFAULT NULL,
  `updated_at` timestamp NULL DEFAULT NULL
) ENGINE=InnoDB DEFAULT CHARSET=utf8mb4 COLLATE=utf8mb4_unicode_ci;

--
-- Dumping data for table `roles`
--

INSERT INTO `roles` (`id`, `name`, `deleted_at`, `created_at`, `updated_at`) VALUES
(1, 'Chief Executive Officer', NULL, NULL, NULL),
(2, 'Financial Officer', NULL, NULL, NULL),
(3, 'Operational Officer', NULL, NULL, NULL),
(4, 'Staff', NULL, NULL, NULL);

-- --------------------------------------------------------

--
-- Table structure for table `sales`
--

CREATE TABLE `sales` (
  `id` bigint(20) UNSIGNED NOT NULL,
  `cashier_id` tinyint(4) NOT NULL,
  `stand_id` tinyint(4) NOT NULL,
  `discount` int(11) NOT NULL DEFAULT 0,
  `transaction` int(11) NOT NULL,
  `customer` varchar(255) DEFAULT NULL,
  `customer_id` int(11) DEFAULT NULL,
  `voucher_id` int(11) DEFAULT NULL,
  `receipt_income` varchar(50) DEFAULT NULL,
  `order_type` varchar(50) DEFAULT NULL,
  `send_option` varchar(50) DEFAULT NULL,
  `payment_method_id` int(11) NOT NULL DEFAULT 1,
  `payment_price` int(11) NOT NULL DEFAULT 0,
  `deleted_at` timestamp NULL DEFAULT NULL,
  `created_at` timestamp NULL DEFAULT NULL,
  `updated_at` timestamp NULL DEFAULT NULL
) ENGINE=InnoDB DEFAULT CHARSET=utf8mb4 COLLATE=utf8mb4_unicode_ci;

--
-- Dumping data for table `sales`
--

INSERT INTO `sales` (`id`, `cashier_id`, `stand_id`, `discount`, `transaction`, `customer`, `customer_id`, `voucher_id`, `receipt_income`, `order_type`, `send_option`, `payment_method_id`, `payment_price`, `deleted_at`, `created_at`, `updated_at`) VALUES
(1, 3, 2, 0, 36000, 'Fatimah', NULL, NULL, NULL, NULL, NULL, 1, 0, '2025-04-26 07:01:38', '2025-02-13 14:12:07', '2025-04-26 07:01:38'),
(2, 3, 2, 0, 8000, 'Irvan', NULL, NULL, NULL, NULL, NULL, 1, 0, '2025-04-26 07:01:38', '2025-02-13 14:14:06', '2025-04-26 07:01:38'),
(3, 3, 5, 0, 5000, 'Irvan', NULL, NULL, NULL, NULL, NULL, 1, 0, '2025-04-26 06:14:25', '2025-04-25 15:10:10', '2025-04-26 06:14:25'),
(4, 54, 3, 0, 8000, 'Izella', NULL, NULL, NULL, NULL, NULL, 1, 0, NULL, '2025-04-27 07:09:00', '2025-04-27 07:09:00'),
(5, 54, 3, 0, 8000, 'Dita', NULL, NULL, NULL, NULL, NULL, 1, 0, NULL, '2025-04-27 08:46:28', '2025-04-27 08:46:28'),
(6, 54, 3, 0, 17000, 'Sarah', NULL, NULL, NULL, NULL, NULL, 1, 0, NULL, '2025-04-27 08:46:45', '2025-04-27 08:46:45'),
(7, 54, 3, 0, 18000, 'Ica', NULL, NULL, NULL, NULL, NULL, 1, 0, NULL, '2025-04-27 08:47:04', '2025-04-27 08:47:04'),
(8, 54, 3, 0, 8000, 'Rara', NULL, NULL, NULL, NULL, NULL, 1, 0, '2025-05-09 07:15:54', '2025-04-27 08:47:19', '2025-05-09 07:15:54'),
(9, 54, 3, 0, 9000, 'Alwan', NULL, NULL, NULL, NULL, NULL, 1, 0, '2025-05-09 07:15:46', '2025-04-27 08:47:33', '2025-05-09 07:15:46'),
(10, 54, 3, 0, 8000, 'Arindra', NULL, NULL, NULL, NULL, NULL, 1, 0, NULL, '2025-04-27 08:47:46', '2025-04-27 08:47:46'),
(11, 54, 3, 0, 8000, 'Salim', NULL, NULL, NULL, NULL, NULL, 1, 0, NULL, '2025-04-27 08:47:57', '2025-04-27 08:47:57'),
(12, 54, 3, 0, 18000, 'Hanitha', NULL, NULL, NULL, NULL, NULL, 1, 0, NULL, '2025-04-27 08:48:09', '2025-04-27 08:48:09'),
(13, 54, 3, 0, 8000, 'Septi', NULL, NULL, NULL, NULL, NULL, 1, 0, NULL, '2025-04-27 08:48:28', '2025-04-27 08:48:28'),
(14, 54, 3, 0, 18000, 'Bondan', NULL, NULL, NULL, NULL, NULL, 1, 0, NULL, '2025-04-27 08:48:40', '2025-04-27 08:48:40'),
(15, 54, 3, 0, 9000, 'Windi', NULL, NULL, NULL, NULL, NULL, 1, 0, NULL, '2025-04-27 08:48:50', '2025-04-27 08:48:50'),
(16, 54, 3, 0, 17000, 'Raia', NULL, NULL, NULL, NULL, NULL, 1, 0, NULL, '2025-04-27 08:49:06', '2025-04-27 08:49:06'),
(17, 54, 3, 0, 9000, 'Ariza', NULL, NULL, NULL, NULL, NULL, 1, 0, NULL, '2025-04-27 08:49:26', '2025-04-27 08:49:26'),
(18, 54, 3, 0, 17000, 'Arya', NULL, NULL, NULL, NULL, NULL, 1, 0, NULL, '2025-04-27 08:49:41', '2025-04-27 08:49:41'),
(19, 54, 3, 0, 18000, 'Drajat', NULL, NULL, NULL, NULL, NULL, 1, 0, NULL, '2025-04-27 08:50:15', '2025-04-27 08:50:15'),
(20, 54, 3, 0, 17000, 'Zahra', NULL, NULL, NULL, NULL, NULL, 1, 0, NULL, '2025-04-27 08:50:33', '2025-04-27 08:50:33'),
(21, 54, 3, 0, 18000, 'Alya', NULL, NULL, NULL, NULL, NULL, 1, 0, '2025-05-05 10:34:28', '2025-04-27 08:50:42', '2025-05-05 10:34:28'),
(22, 54, 3, 0, 9000, 'Salam', NULL, NULL, NULL, NULL, NULL, 1, 0, '2025-05-05 10:34:50', '2025-04-27 08:50:52', '2025-05-05 10:34:50'),
(23, 54, 3, 0, 9000, 'Hamzah', NULL, NULL, NULL, NULL, NULL, 1, 0, '2025-05-05 10:33:51', '2025-04-27 08:51:03', '2025-05-05 10:33:51'),
(24, 54, 3, 0, 9000, 'Amelia', NULL, NULL, NULL, NULL, NULL, 1, 0, NULL, '2025-04-27 08:51:11', '2025-04-27 08:51:11'),
(25, 54, 3, 0, 9000, 'Yusfelia', NULL, NULL, NULL, NULL, NULL, 1, 0, NULL, '2025-04-27 08:51:21', '2025-05-10 06:26:15'),
(26, 54, 3, 0, 9000, 'Najib', NULL, NULL, NULL, NULL, NULL, 1, 0, NULL, '2025-04-27 08:51:35', '2025-04-27 08:51:35'),
(27, 54, 3, 0, 9000, 'Nohan', NULL, NULL, NULL, NULL, NULL, 1, 0, NULL, '2025-04-27 08:51:42', '2025-04-27 08:51:42'),
(28, 54, 3, 0, 9000, 'Safina', NULL, NULL, NULL, NULL, NULL, 1, 0, NULL, '2025-04-27 08:51:52', '2025-04-27 08:51:52'),
(29, 54, 3, 0, 9000, 'Bre', NULL, NULL, NULL, NULL, NULL, 1, 0, NULL, '2025-04-27 08:52:03', '2025-04-27 08:52:03'),
(30, 54, 3, 0, 18000, 'SELLYJUAN ALYA', 14, NULL, NULL, NULL, NULL, 1, 0, NULL, '2025-05-06 17:21:18', '2025-05-06 17:21:18'),
(31, 54, 3, 0, 9000, 'Amelia', 89, NULL, NULL, NULL, NULL, 1, 0, NULL, '2025-05-06 17:24:05', '2025-05-06 17:24:05'),
(32, 54, 3, 0, 9000, 'Nohan', 90, NULL, NULL, NULL, NULL, 1, 0, NULL, '2025-05-06 17:25:41', '2025-05-06 17:25:41'),
(33, 21, 3, 0, 9000, 'Safinatun Najah', 60, NULL, NULL, NULL, NULL, 1, 0, NULL, '2025-05-08 12:09:33', '2025-05-08 12:09:33'),
(34, 54, 14, 0, 7000, 'ADELA VANI FEBRASA', 30, NULL, NULL, NULL, NULL, 1, 0, NULL, '2025-05-18 05:16:28', '2025-05-18 05:16:28'),
(35, 54, 14, 0, 1857033024, 'SD_Zihni Aufar Hirzi', 64, NULL, NULL, NULL, NULL, 1, 0, '2025-05-21 13:21:03', '2025-05-18 05:20:19', '2025-05-21 13:21:03'),
(36, 54, 14, 0, 7000, 'Chantika', 99, NULL, NULL, NULL, NULL, 1, 0, NULL, '2025-05-19 06:28:55', '2025-05-19 06:28:55'),
(37, 54, 14, 0, 10000, 'Anis', 101, NULL, NULL, NULL, NULL, 1, 0, NULL, '2025-05-19 06:33:39', '2025-05-19 06:33:39'),
(38, 54, 14, 0, 10000, 'Sarah', 102, NULL, NULL, NULL, NULL, 1, 0, NULL, '2025-05-19 06:38:16', '2025-05-19 06:38:16'),
(39, 54, 14, 0, 7000, 'AISYAH KINAR MASAYU WIWEKO', 33, NULL, NULL, NULL, NULL, 1, 0, NULL, '2025-05-19 06:41:09', '2025-05-19 06:41:09'),
(40, 54, 14, 0, 10000, 'Ridho', 103, NULL, NULL, NULL, NULL, 1, 0, NULL, '2025-05-19 06:44:33', '2025-05-19 06:44:33'),
(41, 54, 14, 0, 10000, 'Hanna', 104, NULL, NULL, NULL, NULL, 1, 0, NULL, '2025-05-19 06:46:41', '2025-05-19 06:46:41'),
(42, 54, 14, 0, 7000, 'Evi', 105, NULL, NULL, NULL, NULL, 1, 0, NULL, '2025-05-19 06:48:12', '2025-05-19 06:48:12'),
(43, 54, 14, 0, 7000, 'Meisya Kusuma Wardhani', 62, NULL, NULL, NULL, NULL, 1, 0, NULL, '2025-05-19 06:49:16', '2025-05-19 06:49:16'),
(44, 54, 14, 0, 8000, 'Najib', 106, NULL, NULL, NULL, NULL, 1, 0, NULL, '2025-05-19 06:53:30', '2025-05-19 06:53:30'),
(45, 54, 14, 0, 8000, 'Salsabila', 107, NULL, NULL, NULL, NULL, 1, 0, NULL, '2025-05-19 06:55:57', '2025-05-19 06:55:57'),
(46, 54, 14, 0, 8000, 'Gita Sasadhara Insurya', 88, NULL, NULL, NULL, NULL, 1, 0, NULL, '2025-05-19 06:59:38', '2025-05-19 06:59:38'),
(47, 54, 14, 0, 8000, 'Windi', 108, NULL, NULL, NULL, NULL, 1, 0, NULL, '2025-05-19 07:03:32', '2025-05-19 07:03:32'),
(48, 54, 14, 0, 8000, 'dera amelia', 85, NULL, NULL, NULL, NULL, 1, 0, NULL, '2025-05-19 07:06:30', '2025-05-19 07:06:30'),
(49, 54, 14, 0, 8000, 'Firman opet', 51, NULL, NULL, NULL, NULL, 1, 0, NULL, '2025-05-19 07:14:37', '2025-05-19 07:14:37'),
(50, 54, 14, 0, 8000, 'jundi fadhillah', 11, NULL, NULL, NULL, NULL, 1, 0, NULL, '2025-05-19 07:15:17', '2025-05-19 07:15:17'),
(51, 54, 14, 0, 8000, 'Novian Salam Purnomo', 87, NULL, NULL, NULL, NULL, 1, 0, NULL, '2025-05-19 07:16:49', '2025-05-19 07:16:49'),
(52, 54, 14, 0, 10000, 'SD_Luqman F', 65, NULL, NULL, NULL, NULL, 1, 0, NULL, '2025-05-19 07:18:14', '2025-05-19 07:18:14'),
(53, 3, 17, 0, 21000, 'TIMOTHY ARELLA 1', 73, NULL, NULL, NULL, NULL, 1, 0, '2025-05-19 12:42:37', '2025-05-19 12:38:29', '2025-05-19 12:42:37'),
(54, 21, 14, 0, 32000, 'SD_Zihni Aufar Hirzi', 64, NULL, NULL, NULL, NULL, 2, 0, NULL, '2025-05-21 13:22:44', '2025-05-21 13:22:44'),
(55, 54, 14, 0, 17000, 'FADILAH HAKAN MADJID 1', 16, NULL, NULL, NULL, NULL, 1, 0, NULL, '2025-05-29 13:31:09', '2025-05-29 13:31:09'),
(56, 54, 14, 0, 17000, 'Panca Adi', 110, NULL, NULL, NULL, NULL, 1, 0, NULL, '2025-05-29 13:32:16', '2025-05-29 13:32:16'),
(57, 54, 14, 0, 34000, 'CEO_Irvan Maulana', 12, NULL, NULL, NULL, NULL, 1, 0, NULL, '2025-05-29 13:33:25', '2025-05-29 13:33:25'),
(58, 54, 14, 0, 28000, 'Sabrina', 111, NULL, NULL, NULL, NULL, 1, 0, NULL, '2025-05-29 13:34:47', '2025-05-29 13:34:47'),
(59, 54, 14, 0, 15000, 'Ghiyats', 112, NULL, NULL, NULL, NULL, 1, 0, NULL, '2025-05-29 13:36:02', '2025-05-29 13:36:02'),
(60, 54, 14, 0, 15000, 'Andien', 78, NULL, NULL, NULL, NULL, 1, 0, NULL, '2025-05-29 13:37:07', '2025-05-29 13:37:07'),
(61, 54, 14, 0, 18000, 'Muhammad Nawfal', 8, NULL, NULL, NULL, NULL, 1, 0, NULL, '2025-05-29 13:38:27', '2025-05-29 13:38:27'),
(62, 54, 14, 0, 21000, 'Rere', 114, NULL, NULL, NULL, NULL, 1, 0, NULL, '2025-05-29 13:40:13', '2025-05-29 13:40:13'),
(63, 54, 14, 0, 7000, 'Izella kazbiika', 54, NULL, NULL, NULL, NULL, 1, 0, NULL, '2025-05-29 13:42:38', '2025-05-29 13:42:38'),
(64, 54, 14, 0, 7000, 'ABIANSHAH ABDULLAH 1', 21, NULL, NULL, NULL, NULL, 1, 0, NULL, '2025-05-29 13:43:12', '2025-05-29 13:43:12'),
(65, 54, 14, 0, 14000, 'Yumna', 115, NULL, NULL, NULL, NULL, 1, 0, NULL, '2025-05-29 13:45:18', '2025-05-29 13:45:18'),
(66, 54, 14, 0, 20000, 'Ayu Puspa', 116, NULL, NULL, NULL, NULL, 1, 0, NULL, '2025-05-29 13:47:42', '2025-05-29 13:47:42'),
(67, 54, 14, 0, 8000, 'FATIMAH NURMAWATI 1', 15, NULL, NULL, NULL, NULL, 1, 0, NULL, '2025-05-29 13:50:37', '2025-05-29 13:50:37'),
(68, 54, 14, 0, 10000, 'FATIMAH NURMAWATI 1', 15, NULL, NULL, NULL, NULL, 1, 0, NULL, '2025-05-29 13:51:59', '2025-05-29 13:51:59'),
(69, 54, 14, 0, 10000, 'M. Arif Putra Sadanna', 50, NULL, NULL, NULL, NULL, 1, 0, NULL, '2025-05-29 13:53:37', '2025-05-29 13:53:37'),
(70, 62, 19, 0, 9000, 'Meisya Kusuma Wardhani', 62, NULL, NULL, 'now', 'pick_up', 2, 9000, NULL, '2025-06-10 02:57:34', '2025-06-10 02:57:34'),
(71, 0, 19, 0, 13000, 'SD_ABIANSHAH ABDULLAH', 21, NULL, NULL, 'pre_order', 'delivery', 1, 13000, NULL, '2025-06-11 12:58:23', '2025-06-11 12:58:23'),
(72, 54, 19, 0, 9000, 'Selma', 120, NULL, NULL, 'now', 'pick_up', 1, 0, NULL, '2025-06-16 10:24:59', '2025-06-16 10:24:59'),
(73, 54, 19, 0, 9000, 'Iki', 121, NULL, NULL, 'now', 'pick_up', 1, 9000, NULL, '2025-06-16 10:25:53', '2025-06-16 10:25:53'),
(74, 54, 19, 0, 13000, 'Ikhwan', 123, NULL, NULL, 'now', 'pick_up', 1, 13000, NULL, '2025-06-16 13:38:17', '2025-06-16 13:38:17'),
(75, 54, 19, 0, 26000, 'Diah', 124, NULL, NULL, 'now', 'pick_up', 1, 26000, NULL, '2025-06-16 13:39:32', '2025-06-16 13:39:32'),
(76, 54, 19, 0, 9000, 'Auliana', 125, NULL, NULL, 'now', 'pick_up', 1, 9000, NULL, '2025-06-16 13:41:26', '2025-06-16 13:41:26'),
(77, 54, 19, 0, 13000, 'Evi', 105, NULL, NULL, 'now', 'pick_up', 1, 13000, NULL, '2025-06-16 13:41:51', '2025-06-16 13:41:51'),
(78, 54, 19, 0, 13000, 'Muyas', 126, NULL, NULL, 'now', 'pick_up', 1, 13000, NULL, '2025-06-16 13:43:32', '2025-06-16 13:43:32'),
(79, 54, 19, 0, 9000, 'Muyas', 126, NULL, NULL, 'now', 'pick_up', 1, 9000, '2025-06-16 13:48:34', '2025-06-16 13:44:26', '2025-06-16 13:48:34'),
(80, 54, 19, 0, 17000, 'Aurel', 131, NULL, NULL, 'now', 'pick_up', 1, 17000, NULL, '2025-06-16 13:50:12', '2025-06-16 13:50:12'),
(81, 54, 19, 0, 13000, 'SD_Izella kazbiika', 54, NULL, NULL, 'now', 'pick_up', 1, 13000, NULL, '2025-06-16 13:50:38', '2025-06-16 13:50:38'),
(82, 54, 19, 0, 21000, 'SD_Luqman F', 65, NULL, NULL, 'now', 'pick_up', 1, 21000, NULL, '2025-06-16 13:51:05', '2025-06-16 13:51:05'),
(83, 54, 19, 0, 13000, 'Novian Salam Purnomo', 87, NULL, NULL, 'now', 'pick_up', 1, 13000, NULL, '2025-06-16 13:51:55', '2025-06-16 13:51:55'),
(84, 54, 19, 0, 13000, 'ZAHRA NATASYA AHMADINA', 29, NULL, NULL, 'now', 'pick_up', 1, 13000, NULL, '2025-06-16 13:52:17', '2025-06-16 13:52:17'),
(85, 54, 19, 0, 9000, 'AISYAH KINAR MASAYU WIWEKO', 33, NULL, NULL, 'now', 'pick_up', 1, 9000, NULL, '2025-06-16 13:52:47', '2025-06-16 13:52:47'),
(86, 54, 19, 0, 13000, 'Dita', 133, NULL, NULL, 'now', 'pick_up', 1, 13000, NULL, '2025-06-16 13:54:07', '2025-06-16 13:54:07'),
(87, 54, 19, 0, 9000, 'Cala', 132, NULL, NULL, 'now', 'pick_up', 1, 9000, NULL, '2025-06-16 13:54:35', '2025-06-16 13:54:35'),
(88, 54, 19, 0, 13000, 'Matthew', 134, NULL, NULL, 'now', 'pick_up', 1, 13000, NULL, '2025-06-16 13:55:49', '2025-06-16 13:55:49'),
(89, 54, 19, 0, 30000, 'Muhammad Nawfal', 8, NULL, NULL, 'now', 'pick_up', 1, 30000, NULL, '2025-06-16 13:56:14', '2025-06-16 13:56:14'),
(90, 54, 19, 0, 21000, 'Marketing_Raia Digna', 13, NULL, NULL, 'now', 'pick_up', 1, 21000, NULL, '2025-06-16 13:56:37', '2025-06-16 13:56:37'),
(91, 54, 19, 0, 9000, 'Amelia', 89, NULL, NULL, 'now', 'pick_up', 1, 9000, NULL, '2025-06-16 13:57:19', '2025-06-16 13:57:19'),
(92, 54, 19, 0, 22000, 'Alfen', 135, NULL, NULL, 'now', 'pick_up', 1, 22000, NULL, '2025-06-16 13:58:16', '2025-06-16 13:58:16'),
(93, 54, 19, 0, 8000, 'Rafi', 136, NULL, NULL, 'now', 'pick_up', 1, 8000, NULL, '2025-06-16 13:58:49', '2025-06-16 13:58:49'),
(94, 54, 19, 0, 9000, 'SD_Izella kazbiika', 54, NULL, NULL, 'now', 'pick_up', 1, 9000, NULL, '2025-06-16 13:59:25', '2025-06-16 13:59:25'),
(95, 54, 19, 0, 8000, 'Sandi', 137, NULL, NULL, 'now', 'pick_up', 1, 8000, NULL, '2025-06-16 14:00:12', '2025-06-16 14:00:12'),
(96, 54, 19, 0, 8000, 'Naila', 138, NULL, NULL, 'now', 'pick_up', 1, 8000, NULL, '2025-06-16 14:01:18', '2025-06-16 14:01:18'),
(97, 54, 19, 0, 8000, 'CEO_Irvan Maulana', 12, NULL, NULL, 'now', 'pick_up', 1, 8000, NULL, '2025-06-16 14:02:28', '2025-06-16 14:02:28'),
(98, 54, 19, 1000, 7000, 'SD_ABIANSHAH ABDULLAH', 21, NULL, NULL, 'now', 'pick_up', 1, 7000, NULL, '2025-06-16 14:03:13', '2025-06-16 14:03:13'),
(99, 54, 19, 1000, 7000, 'SD_Izella kazbiika', 54, NULL, NULL, 'now', 'pick_up', 1, 7000, NULL, '2025-06-16 14:04:03', '2025-06-16 14:04:03'),
(100, 54, 19, 0, 9000, 'Amala', 127, NULL, NULL, 'now', 'pick_up', 1, 9000, NULL, '2025-06-16 14:06:24', '2025-06-16 14:06:24'),
(101, 54, 19, 0, 8000, 'Alya', 139, NULL, NULL, 'now', 'pick_up', 1, 8000, NULL, '2025-06-16 14:07:26', '2025-06-16 14:07:26'),
(102, 54, 19, 0, 8000, 'Ridho', 103, NULL, NULL, 'now', 'pick_up', 1, 8000, NULL, '2025-06-16 14:07:46', '2025-06-16 14:07:46');

-- --------------------------------------------------------

--
-- Table structure for table `sessions`
--

CREATE TABLE `sessions` (
  `id` varchar(255) NOT NULL,
  `user_id` bigint(20) UNSIGNED DEFAULT NULL,
  `ip_address` varchar(45) DEFAULT NULL,
  `user_agent` text DEFAULT NULL,
  `payload` longtext NOT NULL,
  `last_activity` int(11) NOT NULL
) ENGINE=InnoDB DEFAULT CHARSET=utf8mb4 COLLATE=utf8mb4_unicode_ci;

--
-- Dumping data for table `sessions`
--

INSERT INTO `sessions` (`id`, `user_id`, `ip_address`, `user_agent`, `payload`, `last_activity`) VALUES
('2xXwhkeXNNhBLIDLZGRH09akLczVFNzLZHe5iuAt', NULL, '2602:80d:1000::18', 'Mozilla/5.0 (compatible; CensysInspect/1.1; +https://about.censys.io/)', 'YTozOntzOjY6Il90b2tlbiI7czo0MDoiZVFFa0lsQ3R4QWRtUVV6dDZsOVJ6R0ZaRVV4M2Z6NEdGYnp1clVnTyI7czo5OiJfcHJldmlvdXMiO2E6MTp7czozOiJ1cmwiO3M6MzM6Imh0dHBzOi8vWzIwMDE6ZGYxOjc4MDA6Mjo6OTo4MGNiXSI7fXM6NjoiX2ZsYXNoIjthOjI6e3M6Mzoib2xkIjthOjA6e31zOjM6Im5ldyI7YTowOnt9fX0=', 1753077632),
('8PrY8hn2RFo0VxkFyKVSKQGr1GhcyvOggxOCXKjA', 13, '202.152.138.87', 'Mozilla/5.0 (Windows NT 10.0; Win64; x64) AppleWebKit/537.36 (KHTML, like Gecko) Chrome/138.0.0.0 Safari/537.36', 'YToxMDp7czo2OiJfdG9rZW4iO3M6NDA6InhIQmM3TzExUTdYVVFWWEtObVpjelBrWHFocU05ZVFTMWxLZ3F6ZVAiO3M6MzoidXJsIjthOjA6e31zOjk6Il9wcmV2aW91cyI7YToxOntzOjM6InVybCI7czo3NzoiaHR0cHM6Ly9ibGF0ZXJpYW5zZWVvLm15LmlkL3N0b3JhZ2UvaW1hZ2VzL2JpbGxib2FyZC9CaWxsYm9hcmRfMTczMjIwODMyMy5wbmciO31zOjY6Il9mbGFzaCI7YToyOntzOjM6Im9sZCI7YTowOnt9czozOiJuZXciO2E6MDp7fX1zOjUwOiJsb2dpbl93ZWJfNTliYTM2YWRkYzJiMmY5NDAxNTgwZjAxNGM3ZjU4ZWE0ZTMwOTg5ZCI7aToxMztzOjE0OiJwcm9ncmFtX2J1ZGdldCI7YToyOntzOjg6ImNhdGVnb3J5IjtzOjQ6Im5hbWUiO3M6NToib3JkZXIiO3M6MzoiYXNjIjt9czoyMDoicHJvZ3JhbV9kaXNidXJzZW1lbnQiO2E6Mzp7czo4OiJjYXRlZ29yeSI7czoxMDoiY3JlYXRlZF9hdCI7czo1OiJvcmRlciI7czo0OiJkZXNjIjtzOjc6InRyYXNoZWQiO3M6NToiZXhpc3QiO31zOjE1OiJwcm9ncmFtX2V4cGVuc2UiO2E6Mjp7czo4OiJjYXRlZ29yeSI7czo0OiJuYW1lIjtzOjU6Im9yZGVyIjtzOjM6ImFzYyI7fXM6MTM6InByb2dyYW1fc3RhZmYiO2E6Mjp7czo4OiJjYXRlZ29yeSI7czoxMDoiY3JlYXRlZF9hdCI7czo1OiJvcmRlciI7czozOiJhc2MiO31zOjc6ImRlZmF1bHQiO2E6Mjp7czozOiJ0YWIiO2k6MTtzOjg6ImNvbGxhcHNlIjtpOjE7fX0=', 1753065453),
('FWjO0CfFJY64xrtdyJ8O3Z6zPZ8UDvMefF5xUGkj', NULL, '2602:80d:1000::6b', 'Mozilla/5.0 (compatible; CensysInspect/1.1; +https://about.censys.io/)', 'YTozOntzOjY6Il90b2tlbiI7czo0MDoiQUV2UHdGM0RQbzJrdlJweFVZaWpnNHNkSXdSUTJWQnpTT2NSb1FDdCI7czo5OiJfcHJldmlvdXMiO2E6MTp7czozOiJ1cmwiO3M6ODQ6Imh0dHBzOi8vWzIwMDE6ZGYxOjc4MDA6Mjo6OTo4MGNiXS9zdG9yYWdlL2xvY2FsL2ltYWdlcy9zaG9wL2JyYW5kL2JsYXRlcmlhbl9sb2dvLnBuZyI7fXM6NjoiX2ZsYXNoIjthOjI6e3M6Mzoib2xkIjthOjA6e31zOjM6Im5ldyI7YTowOnt9fX0=', 1753078529),
('hM6Kii2S2en0RsbJnwB0fkRXIwabFAw50u6XE3XL', NULL, '2620:96:e000::cb', 'Mozilla/5.0 (compatible; CensysInspect/1.1; +https://about.censys.io/)', 'YTozOntzOjY6Il90b2tlbiI7czo0MDoia2tzcXU2eXJUYWJjQVRNUEs2S2FINnlFWFpvWTF4ZHVDVkRGUkVPaSI7czo5OiJfcHJldmlvdXMiO2E6MTp7czozOiJ1cmwiO3M6MzM6Imh0dHBzOi8vWzIwMDE6ZGYxOjc4MDA6Mjo6OTo4MGNiXSI7fXM6NjoiX2ZsYXNoIjthOjI6e3M6Mzoib2xkIjthOjA6e31zOjM6Im5ldyI7YTowOnt9fX0=', 1753078400),
('IJUbXjdqARkuYaeJIQtl3kFJwUgDjxTsVsY3rvSR', NULL, '192.178.6.70', 'Googlebot-Image/1.0', 'YTozOntzOjY6Il90b2tlbiI7czo0MDoiRzllZ3lFUE1pek95YTI4UlhuMEpLVEs0RFZqamlNZE8yVU4zbzNNNiI7czo5OiJfcHJldmlvdXMiO2E6MTp7czozOiJ1cmwiO3M6Nzg6Imh0dHBzOi8vYmxhdGVyaWFuc2Vlby5teS5pZC9zdG9yYWdlL2xvY2FsL2ltYWdlcy9zaG9wL2JyYW5kL2JsYXRlcmlhbl9sb2dvLnBuZyI7fXM6NjoiX2ZsYXNoIjthOjI6e3M6Mzoib2xkIjthOjA6e31zOjM6Im5ldyI7YTowOnt9fX0=', 1753075058),
('IupZQCDUKsmPDSsz8PdPiKfSrZVYKnWUbY6Q8mT3', 78, '103.173.139.221', 'Mozilla/5.0 (Linux; Android 10; K) AppleWebKit/537.36 (KHTML, like Gecko) Chrome/138.0.0.0 Mobile Safari/537.36', 'YTo4OntzOjY6Il90b2tlbiI7czo0MDoiNWJXeEg2ZlBORVRxcExIN3IyOUdwbEtxS0JlSklaY2J1Qjk5SWJWNCI7czozOiJ1cmwiO2E6MDp7fXM6OToiX3ByZXZpb3VzIjthOjE6e3M6MzoidXJsIjtzOjg0OiJodHRwczovL2JsYXRlcmlhbnNlZW8ubXkuaWQvc3RvcmFnZS9pbWFnZXMvcmVjZWlwdC9jb250cmlidXRpb24vQ1RSXzc4MV9yZWNlaXB0LndlYnAiO31zOjY6Il9mbGFzaCI7YToyOntzOjM6Im9sZCI7YTowOnt9czozOiJuZXciO2E6MDp7fX1zOjUwOiJsb2dpbl93ZWJfNTliYTM2YWRkYzJiMmY5NDAxNTgwZjAxNGM3ZjU4ZWE0ZTMwOTg5ZCI7aTo3ODtzOjY6ImNhc2hJbiI7YToyOntzOjg6ImNhdGVnb3J5IjtzOjU6InByaWNlIjtzOjU6Im9yZGVyIjtzOjM6ImFzYyI7fXM6NzoiY2FzaE91dCI7YToyOntzOjg6ImNhdGVnb3J5IjtzOjEyOiJkaXNidXJzZW1lbnQiO3M6NToib3JkZXIiO3M6MzoiYXNjIjt9czoxMjoiY29udHJpYnV0aW9uIjthOjM6e3M6ODoiY2F0ZWdvcnkiO3M6NDoibmFtZSI7czo1OiJvcmRlciI7czozOiJhc2MiO3M6Nzoia2V5d29yZCI7czo2OiJBbmRpZW4iO319', 1753065999),
('iyQ4MCp3w82u3hyNd0RvysO1JIQraD7qayFhVcMv', NULL, '2602:80d:1000::5d', 'Mozilla/5.0 (compatible; CensysInspect/1.1; +https://about.censys.io/)', 'YTozOntzOjY6Il90b2tlbiI7czo0MDoia1V6T1Q3U1VqWnpjaDFKVHdudjBZMWdzek1NamVHYjlNYVVVWHRzWSI7czo5OiJfcHJldmlvdXMiO2E6MTp7czozOiJ1cmwiO3M6MzI6Imh0dHA6Ly9bMjAwMTpkZjE6NzgwMDoyOjo5OjgwY2JdIjt9czo2OiJfZmxhc2giO2E6Mjp7czozOiJvbGQiO2E6MDp7fXM6MzoibmV3IjthOjA6e319fQ==', 1753058800),
('KwpCy13P0GLcMHSSAW6zAcDpTy53xe6PFuwG07aU', NULL, '2602:80d:1000::18', 'Mozilla/5.0 (compatible; CensysInspect/1.1; +https://about.censys.io/)', 'YTozOntzOjY6Il90b2tlbiI7czo0MDoiUERVYTJ6OGNsWUdOeFlHOHVDYmVxRjNpYllRcUIydXd0ZTR2aHQ2VyI7czo5OiJfcHJldmlvdXMiO2E6MTp7czozOiJ1cmwiO3M6ODQ6Imh0dHBzOi8vWzIwMDE6ZGYxOjc4MDA6Mjo6OTo4MGNiXS9zdG9yYWdlL2xvY2FsL2ltYWdlcy9zaG9wL2JyYW5kL2JsYXRlcmlhbl9sb2dvLnBuZyI7fXM6NjoiX2ZsYXNoIjthOjI6e3M6Mzoib2xkIjthOjA6e31zOjM6Im5ldyI7YTowOnt9fX0=', 1753077635),
('l8nYFH2w6ip4Ql14bGI5IL6noKVMCdyLbHWhFmbF', NULL, '2602:80d:1000::6b', 'Mozilla/5.0 (compatible; CensysInspect/1.1; +https://about.censys.io/)', 'YTozOntzOjY6Il90b2tlbiI7czo0MDoidzZmRmVIYTVUWnM0VFdYNXZsOXZUQWxQcXFmaFl3NGdWSVlWQ0dReSI7czo5OiJfcHJldmlvdXMiO2E6MTp7czozOiJ1cmwiO3M6MzM6Imh0dHBzOi8vWzIwMDE6ZGYxOjc4MDA6Mjo6OTo4MGNiXSI7fXM6NjoiX2ZsYXNoIjthOjI6e3M6Mzoib2xkIjthOjA6e31zOjM6Im5ldyI7YTowOnt9fX0=', 1753078526),
('MCjzUfAevBkppNoHbSILOCZKEUtOMDhPOIxw9kiB', NULL, '2620:96:e000::cb', 'Mozilla/5.0 (compatible; CensysInspect/1.1; +https://about.censys.io/)', 'YTozOntzOjY6Il90b2tlbiI7czo0MDoicWlGdFF6MkNVMGFEZUlHSmRZaWJUY0oyRUlnSXJEaDNOTjFEZk00aCI7czo5OiJfcHJldmlvdXMiO2E6MTp7czozOiJ1cmwiO3M6ODQ6Imh0dHBzOi8vWzIwMDE6ZGYxOjc4MDA6Mjo6OTo4MGNiXS9zdG9yYWdlL2xvY2FsL2ltYWdlcy9zaG9wL2JyYW5kL2JsYXRlcmlhbl9sb2dvLnBuZyI7fXM6NjoiX2ZsYXNoIjthOjI6e3M6Mzoib2xkIjthOjA6e31zOjM6Im5ldyI7YTowOnt9fX0=', 1753078410),
('MNnLvJdEtXZN4GssJpTjHmqKHIgPzNvpwRPiMhP3', 32, '103.47.135.105', 'Mozilla/5.0 (Windows NT 10.0; Win64; x64) AppleWebKit/537.36 (KHTML, like Gecko) Chrome/138.0.0.0 Safari/537.36', 'YTo0OntzOjY6Il90b2tlbiI7czo0MDoidjRmNTBVaGR0VmVsRnl3ZTExSjZjWXZMTWhwTTBXOWlvWTY2TXZwZyI7czo5OiJfcHJldmlvdXMiO2E6MTp7czozOiJ1cmwiO3M6Njc6Imh0dHBzOi8vYmxhdGVyaWFuc2Vlby5teS5pZC9zdG9yYWdlL2xvY2FsL2ltYWdlcy9zaG9wL2hvbWUvbWFpbi5qcGciO31zOjY6Il9mbGFzaCI7YToyOntzOjM6Im9sZCI7YTowOnt9czozOiJuZXciO2E6MDp7fX1zOjUwOiJsb2dpbl93ZWJfNTliYTM2YWRkYzJiMmY5NDAxNTgwZjAxNGM3ZjU4ZWE0ZTMwOTg5ZCI7aTozMjt9', 1753087687),
('rWhzF5RKhjaoRDmalNb4BBPKy4JVsQ3y3vK4TOUs', NULL, '192.178.6.71', 'Mozilla/5.0 (Linux; Android 6.0.1; Nexus 5X Build/MMB29P) AppleWebKit/537.36 (KHTML, like Gecko) Chrome/137.0.7151.103 Mobile Safari/537.36 (compatible; Googlebot/2.1; +http://www.google.com/bot.html)', 'YTozOntzOjY6Il90b2tlbiI7czo0MDoiUEE2cHlwcmVaZ2ZOYktNZmRDNm02OFJCWjBhd0lWZ2cxYjFCWkYwZiI7czo5OiJfcHJldmlvdXMiO2E6MTp7czozOiJ1cmwiO3M6Mjc6Imh0dHBzOi8vYmxhdGVyaWFuc2Vlby5teS5pZCI7fXM6NjoiX2ZsYXNoIjthOjI6e3M6Mzoib2xkIjthOjA6e31zOjM6Im5ldyI7YTowOnt9fX0=', 1753074819),
('sBxLhu0hqX5Amjttpm0o30rNxWmWNWyjKgnyetp1', NULL, '192.178.6.71', 'Mozilla/5.0 (compatible; Googlebot/2.1; +http://www.google.com/bot.html)', 'YTozOntzOjY6Il90b2tlbiI7czo0MDoiN2NUYzZ5VVpxU2dHdG1MQ2pGQ01KUmQwYXlXVlRzTnlnMjlvRmNvTCI7czo5OiJfcHJldmlvdXMiO2E6MTp7czozOiJ1cmwiO3M6Mjc6Imh0dHBzOi8vYmxhdGVyaWFuc2Vlby5teS5pZCI7fXM6NjoiX2ZsYXNoIjthOjI6e3M6Mzoib2xkIjthOjA6e31zOjM6Im5ldyI7YTowOnt9fX0=', 1753075034),
('Vf4I4hRdJNi615Rgoh9e3oz4QNtVQkzGd3K90Hyf', NULL, '192.178.6.70', 'Mozilla/5.0 (Linux; Android 6.0.1; Nexus 5X Build/MMB29P) AppleWebKit/537.36 (KHTML, like Gecko) Chrome/99.0.4844.84 Mobile Safari/537.36 (compatible; Googlebot/2.1; +http://www.google.com/bot.html)', 'YTozOntzOjY6Il90b2tlbiI7czo0MDoiejNVcXk4QUpRY25jZ0Y3dVZxVGNoeDE0UHpSVm1vNGpyMFJSZHRJZiI7czo5OiJfcHJldmlvdXMiO2E6MTp7czozOiJ1cmwiO3M6Mjc6Imh0dHBzOi8vYmxhdGVyaWFuc2Vlby5teS5pZCI7fXM6NjoiX2ZsYXNoIjthOjI6e3M6Mzoib2xkIjthOjA6e31zOjM6Im5ldyI7YTowOnt9fX0=', 1753075034),
('xkFcSe979m7QaFYqQmyMXmigdvinegApuGM5LdxK', NULL, '2602:80d:1000::43', 'Mozilla/5.0 (compatible; CensysInspect/1.1; +https://about.censys.io/)', 'YTozOntzOjY6Il90b2tlbiI7czo0MDoiV05TS285U3N0anlnbUgzdWpRZXRuZ0x0bTNPMWNENXZoclhjSG1VWCI7czo5OiJfcHJldmlvdXMiO2E6MTp7czozOiJ1cmwiO3M6MzM6Imh0dHBzOi8vWzIwMDE6ZGYxOjc4MDA6Mjo6OTo4MGNiXSI7fXM6NjoiX2ZsYXNoIjthOjI6e3M6Mzoib2xkIjthOjA6e31zOjM6Im5ldyI7YTowOnt9fX0=', 1753062674);

-- --------------------------------------------------------

--
-- Table structure for table `stand`
--

CREATE TABLE `stand` (
  `id` bigint(20) UNSIGNED NOT NULL,
  `name` varchar(255) NOT NULL,
  `place` varchar(255) DEFAULT NULL,
  `date` date DEFAULT NULL,
  `pic_id` int(11) NOT NULL,
  `expense` int(11) DEFAULT NULL,
  `income` int(11) DEFAULT NULL,
  `profit` int(11) DEFAULT NULL,
  `balance` int(11) DEFAULT NULL,
  `menu_lock` tinyint(4) NOT NULL DEFAULT 0,
  `sale_validation` tinyint(4) NOT NULL DEFAULT 0,
  `cashier_token` int(11) DEFAULT NULL,
  `type` tinyint(4) NOT NULL DEFAULT 0,
  `deleted_at` timestamp NULL DEFAULT NULL,
  `created_at` timestamp NULL DEFAULT NULL,
  `updated_at` timestamp NULL DEFAULT NULL
) ENGINE=InnoDB DEFAULT CHARSET=utf8mb4 COLLATE=utf8mb4_unicode_ci;

--
-- Dumping data for table `stand`
--

INSERT INTO `stand` (`id`, `name`, `place`, `date`, `pic_id`, `expense`, `income`, `profit`, `balance`, `menu_lock`, `sale_validation`, `cashier_token`, `type`, `deleted_at`, `created_at`, `updated_at`) VALUES
(1, 'Blaterian 1', 'FCL', '2025-01-23', 1, NULL, NULL, NULL, NULL, 0, 0, NULL, 0, '2025-02-13 11:34:45', '2025-01-23 06:07:31', '2025-02-13 11:34:45'),
(2, 'Stand 1', 'Fakultas Teknik', '2025-02-13', 16, 150000, 44000, -106000, NULL, 0, 0, 255971, 0, '2025-04-26 07:01:38', '2025-02-13 13:56:23', '2025-04-26 07:01:38'),
(3, 'Blaterian 1', 'Sekre UKM', '2025-04-27', 51, 249300, 297000, 47700, NULL, 11, 11, 492056, 0, NULL, '2025-04-23 09:30:01', '2025-05-30 09:19:41'),
(4, 'Stand Blaterian 1', 'Sekre UKM', '2025-04-27', 11, NULL, NULL, NULL, NULL, 11, 0, 260225, 0, '2025-04-26 07:01:29', '2025-04-23 14:17:26', '2025-04-26 07:01:29'),
(5, 'Testing', '-', '2025-04-25', 3, NULL, NULL, NULL, NULL, 3, 0, 552021, 0, '2025-04-26 06:14:25', '2025-04-25 13:59:18', '2025-04-26 06:14:25'),
(6, 'Testing Baru', 'Desa Sidakangen', '2025-04-26', 3, NULL, NULL, NULL, NULL, 0, 0, NULL, 0, '2025-04-26 06:33:20', '2025-04-26 06:32:49', '2025-04-26 06:33:20'),
(7, 'y', 'j', '2025-05-04', 11, NULL, NULL, NULL, NULL, 0, 0, NULL, 0, '2025-04-26 07:00:51', '2025-04-26 06:35:09', '2025-04-26 07:00:51'),
(8, 'o', 'p', '2025-04-30', 11, NULL, NULL, NULL, NULL, 0, 0, NULL, 0, '2025-04-26 07:05:16', '2025-04-26 07:02:17', '2025-04-26 07:05:16'),
(9, 'u', 'u', '2025-04-30', 11, NULL, NULL, NULL, NULL, 0, 0, NULL, 0, '2025-04-26 07:19:43', '2025-04-26 07:15:09', '2025-04-26 07:19:43'),
(10, 'Testing', 'Desa Sidakangen', '2025-04-26', 3, NULL, NULL, NULL, NULL, 3, 0, NULL, 0, '2025-04-27 14:06:56', '2025-04-26 07:48:23', '2025-04-27 14:06:56'),
(11, 'Testing', 'Gedung F', '2025-04-28', 3, NULL, NULL, NULL, NULL, 3, 0, NULL, 0, '2025-05-02 09:14:13', '2025-04-28 06:14:30', '2025-05-02 09:14:13'),
(12, 'Testing', 'Gedung F', '2025-05-07', 3, NULL, NULL, NULL, NULL, 3, 0, NULL, 0, '2025-05-07 16:53:07', '2025-05-07 08:46:45', '2025-05-07 16:53:07'),
(13, 'Stand Blaterian 2 (POST)', 'Sekre UKM', '2025-05-18', 62, NULL, NULL, NULL, NULL, 0, 0, NULL, 0, '2025-05-07 13:27:05', '2025-05-07 13:26:21', '2025-05-07 13:27:05'),
(14, 'Blaterian 2 (POST)', 'Sekre UKM', '2025-05-18', 62, 222500, 422000, 199500, NULL, 11, 11, NULL, 0, NULL, '2025-05-07 13:29:33', '2025-06-04 09:44:38'),
(15, 'Testing', 'Desa Sidakangen', '2025-05-10', 3, 0, NULL, 0, NULL, 0, 0, NULL, 0, '2025-05-10 07:32:21', '2025-05-10 06:24:08', '2025-05-10 07:32:21'),
(16, 'Testing', 'Gedung F', '2025-05-29', 3, NULL, NULL, NULL, NULL, 0, 0, NULL, 0, '2025-05-19 07:47:07', '2025-05-15 06:10:59', '2025-05-19 07:47:07'),
(17, 'Testing', 'Desa Sidakangen', '2025-05-19', 10, 0, 0, 0, NULL, 3, 0, NULL, 0, '2025-05-24 09:24:55', '2025-05-19 12:04:04', '2025-05-24 09:24:55'),
(18, 'Blaterian 3', 'Sekre UKM', '2025-06-14', 41, NULL, NULL, NULL, NULL, 0, 0, NULL, 1, '2025-06-04 09:47:54', '2025-06-04 09:47:26', '2025-06-04 09:47:54'),
(19, 'Blaterian 3', 'Sekre UKM', '2025-06-14', 62, 243591, 384000, 140409, NULL, 11, 11, NULL, 1, NULL, '2025-06-04 09:48:09', '2025-06-30 04:48:52'),
(20, 'Testing', 'Desa Sidakangen', '2025-06-14', 3, NULL, NULL, NULL, NULL, 0, 0, NULL, 0, NULL, '2025-06-09 10:21:37', '2025-06-09 10:52:11');

-- --------------------------------------------------------

--
-- Table structure for table `stand_expense_item`
--

CREATE TABLE `stand_expense_item` (
  `id` bigint(20) UNSIGNED NOT NULL,
  `name` varchar(255) NOT NULL,
  `price` int(11) NOT NULL,
  `qty` int(11) NOT NULL,
  `unit` varchar(255) NOT NULL,
  `total_price` int(11) NOT NULL,
  `stand_id` int(11) DEFAULT NULL,
  `operational_id` int(11) DEFAULT NULL,
  `reciept` varchar(255) DEFAULT NULL,
  `deleted_at` timestamp NULL DEFAULT NULL,
  `created_at` timestamp NULL DEFAULT NULL,
  `updated_at` timestamp NULL DEFAULT NULL
) ENGINE=InnoDB DEFAULT CHARSET=utf8mb4 COLLATE=utf8mb4_unicode_ci;

--
-- Dumping data for table `stand_expense_item`
--

INSERT INTO `stand_expense_item` (`id`, `name`, `price`, `qty`, `unit`, `total_price`, `stand_id`, `operational_id`, `reciept`, `deleted_at`, `created_at`, `updated_at`) VALUES
(1, 'Es batu', 5000, 10, 'Kg', 50000, 2, 11, 'SE23_receipt.jpg', '2025-04-26 07:01:38', '2025-02-13 13:58:45', '2025-04-26 07:01:38'),
(2, 'Cup', 5000, 10, 'Pcs', 50000, 2, 11, 'SE23_receipt.jpg', '2025-04-26 07:01:38', '2025-02-13 13:59:48', '2025-04-26 07:01:38'),
(3, 'Sedotan', 5000, 10, 'Pcs', 50000, 2, 11, 'SE23_receipt.jpg', '2025-04-26 07:01:38', '2025-02-13 14:00:04', '2025-04-26 07:01:38'),
(4, 'Tepung', 5000, 2, 'kg', 10000, 4, NULL, 'SE45_receipt.jpg', '2025-04-26 07:01:29', '2025-04-23 14:36:13', '2025-04-26 07:01:29'),
(5, 'Pop Ice', 2000, 5, 'pcs', 10000, 3, 11, 'SE312_receipt.jpg', NULL, '2025-04-28 06:58:19', '2025-04-28 07:25:42'),
(6, 'Minyak Rizki', 17500, 1, 'pcs', 17500, 3, 11, 'SE312_receipt.jpg', NULL, '2025-04-28 07:00:41', '2025-04-28 07:25:33'),
(7, 'Nutrijel', 2000, 2, 'pcs', 4000, 3, 11, 'SE312_receipt.jpg', NULL, '2025-04-28 07:05:39', '2025-04-28 07:25:23'),
(8, 'Gula Pasir', 18000, 1, 'Kg', 18000, 3, 11, 'SE312_receipt.jpg', NULL, '2025-04-28 07:06:24', '2025-05-15 00:27:11'),
(9, 'Gula Pasir', 18000, 1, 'Kg', 18000, 3, 0, 'SE312_receipt.jpg', '2025-05-15 00:25:14', '2025-04-28 07:06:28', '2025-05-15 00:25:14'),
(10, 'Gula Pasir', 18000, 1, 'Kg', 18000, 3, 11, 'SE312_receipt.jpg', '2025-05-15 00:25:03', '2025-04-28 07:06:37', '2025-05-15 00:25:03'),
(11, 'Glazi Tea', 13500, 1, 'pcs', 13500, 3, 11, 'SE312_receipt.jpg', NULL, '2025-04-28 07:08:59', '2025-04-28 07:25:10'),
(12, 'Gloza Park', 15000, 1, 'pcs', 15000, 3, 11, 'SE312_receipt.jpg', NULL, '2025-04-28 07:09:47', '2025-04-28 07:24:17'),
(13, 'Yakult', 12000, 2, 'pack', 24000, 3, 11, 'SE312_receipt.jpg', NULL, '2025-04-28 07:13:01', '2025-04-28 07:24:28'),
(14, 'Mangga Manalagi', 16000, 1, 'Kg', 16000, 3, 11, 'SE312_receipt.jpg', NULL, '2025-04-28 07:14:38', '2025-04-28 07:24:10'),
(15, 'Bubuk kayu manis', 8000, 1, 'Pcs', 8000, 3, 11, 'SE312_receipt.jpg', NULL, '2025-04-28 07:17:01', '2025-04-28 07:24:03'),
(16, 'Susu Diamond', 18500, 1, 'Pcs', 18500, 3, 11, 'SE312_receipt.jpg', NULL, '2025-04-28 07:17:30', '2025-04-28 07:24:39'),
(17, 'Gas Portabel', 7000, 3, 'Pcs', 21000, 3, 0, 'SE312_receipt.jpg', '2025-05-15 00:26:15', '2025-04-28 07:18:23', '2025-05-15 00:26:15'),
(18, '1/4 kg telor', 7000, 1, 'Kg', 7000, 3, 11, 'SE312_receipt.jpg', NULL, '2025-04-28 07:19:21', '2025-04-28 07:23:44'),
(19, 'Tissue tessa', 11900, 1, 'Pcs', 11900, 3, 0, 'SE312_receipt.jpg', '2025-05-15 00:26:11', '2025-04-28 07:21:04', '2025-05-15 00:26:11'),
(20, 'Pasword baby wipes', 14800, 1, 'Pcs', 14800, 3, 0, 'SE312_receipt.jpg', '2025-05-15 00:26:07', '2025-04-28 07:21:53', '2025-05-15 00:26:07'),
(21, 'Cup saus', 7500, 1, 'pcs', 7500, 3, NULL, 'SE312_receipt.jpg', '2025-05-15 00:47:42', '2025-04-28 13:10:30', '2025-05-15 00:47:42'),
(22, 'Cup saus', 7500, 1, 'pcs', 7500, 3, NULL, 'SE312_receipt.jpg', '2025-05-13 12:24:58', '2025-04-28 13:10:47', '2025-05-13 12:24:58'),
(23, 'Cup saus', 7500, 1, 'pcs', 7500, 3, NULL, 'SE312_receipt.jpg', '2025-05-13 12:24:50', '2025-04-28 13:11:07', '2025-05-13 12:24:50'),
(24, 'SKM Frisian Flag', 12000, 2, 'kaleng', 24000, 15, 0, 'SE1516_receipt.png', '2025-05-10 07:26:56', '2025-05-10 06:24:47', '2025-05-10 07:26:56'),
(25, 'Es Batu', 2000, 5, 'plastik', 10000, 15, NULL, 'SE1516_receipt.png', '2025-05-10 07:22:52', '2025-05-10 06:26:03', '2025-05-10 07:22:52'),
(26, 'Mentega', 8000, 1, 'Pcs', 8000, 3, 11, 'SE312_receipt.jpg', NULL, '2025-05-15 00:34:07', '2025-05-15 00:38:20'),
(27, 'Es batu', 14000, 1, 'Pcs', 14000, 3, 11, 'SE312_receipt.jpg', NULL, '2025-05-15 00:35:34', '2025-05-15 00:38:13'),
(28, 'Susu full cream', 18500, 1, 'Pcs', 18500, 3, 11, 'SE312_receipt.jpg', NULL, '2025-05-15 00:36:04', '2025-05-15 00:37:16'),
(29, 'Susu kental manis', 12500, 1, 'Pcs', 12500, 3, 11, 'SE312_receipt.jpg', NULL, '2025-05-15 00:36:25', '2025-05-15 00:37:12'),
(30, 'Garam', 7000, 1, 'Pcs', 7000, 3, 11, 'SE312_receipt.jpg', NULL, '2025-05-15 00:36:55', '2025-05-15 00:37:09'),
(31, 'Kemasan', 19800, 1, 'Pcs', 19800, 3, 11, 'SE312_receipt.jpg', NULL, '2025-05-15 00:39:45', '2025-05-15 00:39:58'),
(32, 'SKM Frisian Flag', 12000, 2, 'kaleng', 24000, 16, NULL, 'SE1632_receipt.webp', '2025-05-15 08:17:55', '2025-05-15 07:49:11', '2025-05-15 08:17:55'),
(33, 'SKM Frisian Flag', 12000, 3, 'kaleng', 36000, 16, NULL, 'SE1632_receipt.webp', '2025-05-19 07:47:06', '2025-05-15 08:52:10', '2025-05-19 07:47:06'),
(34, 'minyak', 18000, 1, 'liter', 18000, 14, NULL, 'SE1434_receipt.webp', NULL, '2025-05-17 17:56:51', '2025-05-17 17:56:51'),
(35, 'boncabe', 15000, 1, 'pcs', 15000, 14, NULL, 'SE1435_receipt.webp', '2025-05-18 04:28:55', '2025-05-17 17:59:35', '2025-05-18 04:28:55'),
(36, 'boncabe', 15000, 1, 'pcs', 15000, 14, 11, 'SE1436_receipt.webp', NULL, '2025-05-17 17:59:55', '2025-05-27 02:50:26'),
(37, 'boncabe', 15000, 1, 'pcs', 15000, 14, NULL, 'SE1437_receipt.webp', '2025-05-18 04:29:01', '2025-05-17 18:00:15', '2025-05-18 04:29:01'),
(38, 'boncabe', 15000, 1, 'pcs', 15000, 14, NULL, 'SE1438_receipt.webp', '2025-05-18 04:29:04', '2025-05-17 18:00:33', '2025-05-18 04:29:04'),
(39, 'boncabe', 15000, 1, 'pcs', 15000, 14, NULL, 'SE1439_receipt.webp', '2025-05-18 04:29:36', '2025-05-17 18:01:44', '2025-05-18 04:29:36'),
(40, 'boncabe', 15000, 1, 'pcs', 15000, 14, NULL, 'SE1440_receipt.webp', '2025-05-18 04:29:28', '2025-05-17 18:02:21', '2025-05-18 04:29:28'),
(41, 'boncabe', 15000, 1, 'pcs', 15000, 14, NULL, 'SE1441_receipt.webp', '2025-05-18 04:29:20', '2025-05-17 18:02:44', '2025-05-18 04:29:20'),
(42, 'boncabe', 15000, 1, 'pcs', 15000, 14, NULL, 'SE1442_receipt.webp', '2025-05-18 04:29:08', '2025-05-17 18:03:03', '2025-05-18 04:29:08'),
(43, 'boncabe', 15000, 1, 'pcs', 15000, 14, NULL, 'SE1443_receipt.webp', '2025-05-18 04:29:11', '2025-05-17 18:03:39', '2025-05-18 04:29:11'),
(44, 'tepung tapioka', 14, 750, 'g', 10500, 14, 11, 'SE1444_receipt.webp', NULL, '2025-05-17 18:11:44', '2025-05-21 13:22:45'),
(45, 'masako', 500, 1, 'pcs', 500, 14, 11, 'SE1445_receipt.webp', NULL, '2025-05-17 18:12:42', '2025-05-21 13:22:36'),
(46, 'daun jeruk', 1000, 2, 'bks', 2000, 14, 11, 'SE1446_receipt.webp', NULL, '2025-05-17 18:17:53', '2025-05-21 13:22:16'),
(47, 'ladaku', 1000, 4, 'pcs', 4000, 14, 11, 'SE1447_receipt.webp', NULL, '2025-05-17 18:18:17', '2025-05-21 13:22:10'),
(48, 'melon', 17000, 1, 'kg', 17000, 14, 11, 'SE1448_receipt.webp', NULL, '2025-05-17 18:21:15', '2025-05-21 13:22:06'),
(49, 'nata de coco', 17000, 2, 'pcs', 34000, 14, 11, 'SE1449_receipt.webp', NULL, '2025-05-17 18:21:53', '2025-05-21 13:21:51'),
(50, 'biji selasih', 1000, 1, 'pcs', 1000, 14, 11, 'SE1450_receipt.webp', '2025-05-22 08:22:06', '2025-05-17 18:22:30', '2025-05-22 08:22:06'),
(51, 'royco', 500, 6, 'pcs', 3000, 14, 11, 'SE1451_receipt.webp', NULL, '2025-05-17 18:22:54', '2025-05-21 13:22:01'),
(52, 'sirup melon', 22000, 1, 'pcs', 22000, 14, 11, 'SE1452_receipt.webp', NULL, '2025-05-17 18:23:14', '2025-05-21 13:21:37'),
(53, 'ladaku', 1000, 1, 'pcs', 1000, 14, NULL, 'SE1447_receipt.webp', '2025-05-20 18:04:43', '2025-05-17 18:23:37', '2025-05-20 18:04:43'),
(54, 'SKM Frisian Flag', 20000, 2, 'kaleng', 40000, 17, NULL, 'SE1754_receipt.webp', '2025-05-24 09:24:55', '2025-05-19 13:34:10', '2025-05-24 09:24:55'),
(55, 'SKM Frisian Flag', 12000, 1, 'kaleng', 12000, 17, 0, 'SE1755_receipt.webp', '2025-05-24 09:24:55', '2025-05-19 14:01:46', '2025-05-24 09:24:55'),
(56, 'ladaku', 1000, 1, 'pcs', 1000, 14, 11, 'SE1456_receipt.webp', NULL, '2025-05-20 18:06:06', '2025-05-21 13:21:34'),
(57, 'susu UHT', 28, 125, 'ml', 3500, 14, 11, 'SE1457_receipt.webp', NULL, '2025-05-20 18:09:00', '2025-05-21 13:19:08'),
(58, 'sprite', 5000, 3, 'pcs', 15000, 14, 11, 'SE1458_receipt.webp', NULL, '2025-05-20 18:09:53', '2025-05-21 13:19:03'),
(59, 'es batu', 1250, 4, 'kg', 5000, 14, 11, 'SE1459_receipt.webp', NULL, '2025-05-26 12:15:41', '2025-05-27 02:49:53'),
(60, 'tepung tapioka (tambahan)', 3500, 1, 'bks', 3500, 14, 11, 'SE1460_receipt.webp', NULL, '2025-05-26 12:19:09', '2025-05-27 02:49:57'),
(61, 'tepung tapioka (tambahan)', 3500, 1, 'bks', 3500, 14, NULL, 'SE1461_receipt.webp', '2025-05-26 12:20:07', '2025-05-26 12:19:27', '2025-05-26 12:20:07'),
(62, 'daun bawang', 2000, 1, 'iket', 2000, 14, 11, 'SE1461_receipt.webp', NULL, '2025-05-26 12:21:06', '2025-05-27 02:50:01'),
(63, 'bawang putih', 5000, 1, 'siung', 5000, 14, 11, 'SE1463_receipt.webp', NULL, '2025-05-26 12:24:45', '2025-05-27 02:50:07'),
(64, 'bawang putih', 5000, 1, 'siung', 5000, 14, NULL, 'SE1464_receipt.webp', '2025-05-26 12:26:25', '2025-05-26 12:25:42', '2025-05-26 12:26:25'),
(65, 'bawang putih', 5000, 1, 'siung', 5000, 14, NULL, 'SE1465_receipt.webp', '2025-05-26 12:26:22', '2025-05-26 12:25:55', '2025-05-26 12:26:22'),
(66, 'bawang putih', 5000, 1, 'siung', 5000, 14, NULL, 'SE1465_receipt.webp', '2025-05-26 12:26:20', '2025-05-26 12:25:59', '2025-05-26 12:26:20'),
(67, 'fiber creme', 16600, 2, 'pcs', 33200, 14, 11, 'SE1464_receipt.webp', NULL, '2025-05-26 12:28:18', '2025-05-27 02:50:11'),
(68, 'boncabe botol', 11400, 2, 'pcs', 22800, 14, 11, 'SE1468_receipt.webp', NULL, '2025-05-26 12:29:28', '2025-05-27 02:50:17'),
(69, 'PACKAGING - paper bowl', 22500, 1, 'pack', 22500, 14, 11, 'SE1469_receipt.webp', NULL, '2025-05-26 12:40:41', '2025-05-27 02:49:47'),
(70, 'kecap', 40, 25, 'gram', 1000, 19, 11, 'SE1970_receipt.webp', NULL, '2025-06-29 14:19:00', '2025-06-30 04:37:17'),
(71, 'kaldu bubuk', 667, 15, 'gram', 10005, 19, NULL, 'SE1971_receipt.webp', '2025-06-29 14:22:19', '2025-06-29 14:20:45', '2025-06-29 14:22:19'),
(72, 'kaldu bubuk', 40, 25, 'gram', 1000, 19, 11, 'SE1972_receipt.webp', NULL, '2025-06-29 14:21:27', '2025-06-30 04:37:21'),
(73, 'bawang putih & merah', 4500, 2, 'bks', 9000, 19, 11, 'SE1973_receipt.webp', NULL, '2025-06-29 14:23:07', '2025-06-30 04:37:26'),
(74, 'pakcoy', 4500, 1, 'bks', 4500, 19, 11, 'SE1974_receipt.webp', NULL, '2025-06-29 14:24:22', '2025-06-30 04:37:30'),
(75, 'mayonese', 40, 300, 'gram', 12000, 19, 11, 'SE1975_receipt.webp', NULL, '2025-06-29 14:26:18', '2025-06-30 04:37:34'),
(76, 'kaldu jamur', 7000, 1, 'bks', 7000, 19, 11, 'SE1976_receipt.webp', NULL, '2025-06-29 14:27:16', '2025-06-30 04:37:41'),
(77, 'kecap ikan', 11000, 1, 'bks', 11000, 19, 11, 'SE1977_receipt.webp', NULL, '2025-06-29 14:27:59', '2025-06-30 04:37:45'),
(78, 'tapioka', 50, 50, 'gram', 2500, 19, 11, 'SE1978_receipt.webp', NULL, '2025-06-29 14:29:58', '2025-06-30 04:37:49'),
(79, 'kulit ayam', 500, 10, 'gram', 5000, 19, 11, 'SE1979_receipt.webp', NULL, '2025-06-29 14:30:28', '2025-06-30 04:37:54'),
(80, 'paha ayam', 33, 1200, 'gram', 39600, 19, 11, 'SE1980_receipt.webp', NULL, '2025-06-29 14:32:28', '2025-06-30 04:37:58'),
(81, 'minyak', 20, 1500, 'liter', 30000, 19, 11, 'SE1981_receipt.webp', NULL, '2025-06-29 14:35:33', '2025-06-30 04:38:03'),
(82, 'es batu', 1000, 5, 'kg', 5000, 19, 11, 'SE1982_receipt.webp', NULL, '2025-06-29 14:36:07', '2025-06-30 04:38:07'),
(83, 'sprite', 14, 600, 'kg', 8400, 19, 11, 'SE1983_receipt.webp', NULL, '2025-06-29 14:36:54', '2025-06-30 04:38:41'),
(84, 'dada ayam', 3000, 3, 'ons', 9000, 19, 11, 'SE1984_receipt.webp', NULL, '2025-06-29 14:37:34', '2025-06-30 04:38:29'),
(85, 'kulit dimsum', 9000, 1, 'bks', 9000, 19, 11, 'SE1985_receipt.webp', NULL, '2025-06-29 14:39:26', '2025-06-30 04:38:25'),
(86, 'melon', 26000, 1, 'biji', 26000, 19, 11, 'SE1986_receipt.webp', NULL, '2025-06-29 14:40:06', '2025-06-30 04:38:15'),
(87, 'udang ebi', 13956, 1, 'bks', 13956, 19, 11, 'SE1987_receipt.webp', NULL, '2025-06-29 14:41:13', '2025-06-30 04:38:19'),
(88, 'nori bubuk', 7145, 1, 'bks', 7145, 19, 11, 'SE1988_receipt.webp', NULL, '2025-06-29 14:41:22', '2025-06-30 04:38:49'),
(89, 'PACKAGING - paper bowl', 18500, 1, 'pack', 18500, 19, 11, 'SE1989_receipt.webp', NULL, '2025-06-29 14:45:00', '2025-06-30 04:37:07'),
(90, 'PACKAGING - box coklat dimsum', 375, 16, 'pcs', 6000, 19, 11, 'SE1990_receipt.webp', NULL, '2025-06-29 15:05:59', '2025-06-30 04:37:03'),
(91, 'paha ayam', 34, 360, 'pcs', 12240, 19, 11, 'SE1991_receipt.webp', NULL, '2025-06-29 15:07:13', '2025-06-30 04:37:00'),
(92, 'PACKAGING - SENDOK GARPU PLASTIK', 5750, 1, 'pack', 5750, 19, 11, 'SE1992_receipt.webp', NULL, '2025-06-29 15:08:25', '2025-06-30 04:36:54');

-- --------------------------------------------------------

--
-- Table structure for table `users`
--

CREATE TABLE `users` (
  `id` bigint(20) UNSIGNED NOT NULL,
  `id_google` varchar(255) DEFAULT NULL,
  `name` varchar(255) NOT NULL,
  `email` varchar(255) DEFAULT NULL,
  `phone` varchar(255) DEFAULT NULL,
  `email_verified_at` timestamp NULL DEFAULT NULL,
  `password` varchar(255) DEFAULT NULL,
  `location` varchar(255) DEFAULT NULL,
  `point` int(11) NOT NULL DEFAULT 0,
  `profile_image` varchar(255) DEFAULT NULL,
  `roles_id` int(11) DEFAULT NULL,
  `department_id` int(11) DEFAULT NULL,
  `level` int(11) DEFAULT NULL,
  `deleted_at` timestamp NULL DEFAULT NULL,
  `remember_token` varchar(100) DEFAULT NULL,
  `created_at` timestamp NULL DEFAULT NULL,
  `updated_at` timestamp NULL DEFAULT NULL
) ENGINE=InnoDB DEFAULT CHARSET=utf8mb4 COLLATE=utf8mb4_unicode_ci;

--
-- Dumping data for table `users`
--

INSERT INTO `users` (`id`, `id_google`, `name`, `email`, `phone`, `email_verified_at`, `password`, `location`, `point`, `profile_image`, `roles_id`, `department_id`, `level`, `deleted_at`, `remember_token`, `created_at`, `updated_at`) VALUES
(2, NULL, 'Timothy Arella', 'timtohyarella7@gmail.com', '089626124110', NULL, '$2y$12$0LvxSHrnKo/1TjvUDYUV7uI9SVwH.JuUcA7dWRae7ygsnhkDxJMOO', NULL, 0, NULL, NULL, NULL, NULL, NULL, NULL, '2024-11-20 11:35:43', '2024-11-20 11:35:43'),
(3, '118243655392519564226', 'Timothy Arella', 'timothyarella7@gmail.com', '089626124116', '2024-11-20 13:39:49', '$2y$12$gBmtoSgfbjon4KruT9Nyi.E0jdPL6jk5N1ORKRGW5ysvRbbv7yLHy', NULL, 0, 'PRF_3_image.webp', 3, 16, 2, NULL, 'XnMKfd9YSHbWkpbzDDU8k3TAcAOzxFdsz3ehJ6FhNt8w6Seq8xo3bv0Yxjri', '2024-11-20 11:54:26', '2025-06-09 10:56:50'),
(4, NULL, 'Hesa', 'sasasisi14@gmail.com', '082220160445', NULL, '$2y$12$j57IoUsD38ITn6CkITehtOH8MqzgF3omMVPqYXfzPNpuTg9TxQSJ.', NULL, 0, NULL, NULL, NULL, 1, NULL, NULL, '2024-11-21 21:52:19', '2024-12-04 18:15:06'),
(5, NULL, 'Hesa', 'sasasisi1403@gmail.com', '085711220874', '2024-11-21 21:54:23', '$2y$12$Jb1vJefn9eJDV4UQn1KaY.eb7Y56ZCoN3vuKs.Eib7rYiiOgmcwU.', NULL, 0, NULL, NULL, NULL, NULL, NULL, NULL, '2024-11-21 21:54:14', '2024-12-04 18:15:10'),
(6, '115966617003591934698', 'veygracia', 'gracia.veve@gmail.com', '085800328181', '2024-11-22 01:23:23', '$2y$12$bTBZ5ZotQSuN8PdNYAWunOay/eY0dNgrb44DsC0Wb6gS3OkGJP0dG', NULL, 0, 'profile_61732240107.jpg', NULL, NULL, NULL, NULL, NULL, '2024-11-22 01:23:23', '2025-02-13 11:41:23'),
(7, '107386155058749963335', 'Tegar', 'tegarneko@gmail.com', '08993413021', '2024-11-27 08:51:58', '$2y$12$1O8hSE.Z.p4EKXQb7bXHlecvsYcf6EboblTeE88SW6QSXtmT5.0lm', NULL, 0, NULL, NULL, NULL, 1, NULL, NULL, '2024-11-27 08:51:58', '2024-12-04 18:14:52'),
(8, '102431006965965987427', 'Muhammad Nawfal', 'imanonawfal@gmail.com', '081288522674', '2024-12-04 14:17:37', '$2y$12$dqO89Xzsi63pzVtq58KqGOjR/9IRBxwm0EX/akV4bpXIz9OPHtNrm', NULL, 150, NULL, NULL, NULL, 1, NULL, NULL, '2024-12-04 14:17:37', '2025-06-16 13:56:14'),
(9, '108278446335144038447', 'seeo', 'seeoftunsoed@gmail.com', '08123456789', '2024-12-12 06:59:03', '$2y$12$ayKgoq8dzoQ4Buy1ioDmm.ztBYH.6XwLADuOWumuktYSQSMPwVjN.', NULL, 0, NULL, NULL, NULL, NULL, NULL, NULL, '2024-12-12 06:59:03', '2024-12-12 06:59:46'),
(10, '111375318616790131291', 'Yosafat Ksatria', 'yosafat.ksatria@gdn-commerce.com', '0812345666666', '2024-12-12 15:42:10', '$2y$12$CftV5s/oWLL3FKz.bmPJeehpv.6F9lY305L89wzb45x2f77tF49oW', NULL, 0, NULL, NULL, NULL, NULL, NULL, NULL, '2024-12-12 15:42:10', '2025-02-13 11:41:31'),
(11, '117049330718034822603', 'jundi fadhillah', 'jundifadhil@gmail.com', '085899866092', '2025-02-13 12:39:38', '$2y$12$wzv21nNP0j8n03HyIoHVZOJaJLudmG2pbQl7OAraGBggA9OGcPFVq', NULL, 0, 'PRF_11_image.webp', 3, 4, NULL, NULL, NULL, '2025-02-13 12:39:38', '2025-06-09 15:41:07'),
(12, '100757582942874827428', 'CEO_Irvan Maulana', 'slow.speed99@gmail.com', '082242539013', '2025-02-13 12:39:38', '$2y$12$46Ci7w9W/T5NPn5wBEmkp.Cx2T1DGyLXNk7g1JH2DA8vgcWGT62fy', NULL, 0, 'profile_121746683779.jpg', 1, 13, 2, NULL, 'qkW4OAZYWCR4apoxBqW92QVqyP0BsZzAFIYz3ZLZ5QHkFSdKwhMSq5ZWmkK2', '2025-02-13 12:39:38', '2025-05-25 15:01:24'),
(13, '100446915580793257826', 'Marketing_Raia Digna', 'raia.amanda@mhs.unsoed.ac.id', '0895606495620', '2025-02-13 12:39:39', '$2y$12$Pol5yV5ogr3aSqfeoFovTOyLD/XVCfcbmzjuIzl/goR7A.q1FXcju', 'Ngekost Bae, Kalimanah', 100, 'profile_131745404024.jpg', 4, 8, NULL, NULL, NULL, '2025-02-13 12:39:39', '2025-06-16 13:56:37'),
(14, '110438805643344151400', 'HR_Sellyjuan Alya', 'sellyjuanalyarsln26@gmail.com', '085866077520', '2025-02-13 12:39:42', '$2y$12$hIlTSzKDY2Qw7/lE5qlLperdA4YTU/QjYdPVoOvBHWVZrC4OzmAMO', NULL, 0, NULL, 4, 5, 2, NULL, 'A3LKnKobVpdtQQQ6mqKwlgALD8stySPwpLkCv7U3Z5XfnU9LoZIRmTxj3tPb', '2025-02-13 12:39:42', '2025-05-30 12:26:19'),
(15, '101668547403027620634', 'FATIMAH NURMAWATI 1', 'fatimah.nurmawati@mhs.unsoed.ac.id', '082332755113', '2025-02-13 12:39:48', '$2y$12$s2qtXsMQlUz64eCtSX.LueF65ONyxLGEEHiejGnVacn7NLXNVWOkC', NULL, 0, NULL, 4, 9, NULL, NULL, NULL, '2025-02-13 12:39:48', '2025-04-23 15:53:40'),
(16, '110642975510726138208', 'Co-CEO_FADILAH HAKAN MADJID', 'fadilah.madjid@mhs.unsoed.ac.id', '0895380068764', '2025-02-13 12:39:52', '$2y$12$jv47/r5FL2Bo4BgaNDB6h..zOy5ZIBPr6k8sjs7p78zfkTHexEgF6', NULL, 0, 'profile_161746683753.jpg', 1, 12, 1, NULL, '51kPl1nZL6YsVy4hm4BxzM7j9N6ALghypzY2fPvCXUiwWEpcPEqjUvGMw9tD', '2025-02-13 12:39:52', '2025-05-30 12:20:55'),
(21, '102277881476274035950', 'SD_ABIANSHAH ABDULLAH', 'abianshah.abdullah@mhs.unsoed.ac.id', '082134649142', '2025-02-18 12:11:34', '$2y$12$rarm8mD93n/AFsXjOyklJuxTcTlrlHBV8BX7C7jsHmDSvJfS.2dp.', NULL, 0, NULL, 3, 10, 3, NULL, NULL, '2025-02-18 12:11:34', '2025-06-04 09:44:21'),
(22, NULL, 'Administration_Bian Oxaprilia', 'bian.oxaprilia@mhs.unsoed.ac.id', '081270418925', '2025-02-18 12:14:26', '$2y$12$HSBR1WS8uAgJ8QOj8C0mZuJaup8dZB4Jr1Vq4TOJ7WDs136sfpbt2', NULL, 0, NULL, 4, NULL, NULL, NULL, 'T99sIpaaUrSh5lbGx1PqNj2jSaFR52MW1J4tQfDfsJEcstWXDHYdXfQjMt7y', '2025-02-18 12:13:38', '2025-05-12 09:16:01'),
(23, '101179015146841224787', 'Dewi Sita Agustin', 'dewi.agustin@mhs.unsoed.ac.id', '082137924107', '2025-02-18 13:11:29', '$2y$12$jSCd5qCp3AkByfNjZflpMO8G2CZ5udR./ZjNi4CGS.a1xKhAMh0OG', NULL, 0, NULL, 4, 7, NULL, NULL, NULL, '2025-02-18 13:10:48', '2025-05-03 05:05:58'),
(24, '115047823053363486591', 'Ariza Rizqi', 'arizarizqir@gmail.com', '081382912626', '2025-02-18 13:10:56', '$2y$12$2ib0PoLzFsp2ULjY80RYs.36KCpuU64e1fXgR7EL1dYT//SmYWKf.', NULL, 0, 'PRF_24_image.webp', 2, 6, NULL, NULL, NULL, '2025-02-18 13:10:56', '2025-06-04 09:12:53'),
(25, '106950915930562714589', 'Marketing_Dimas Kendika', 'dkendika1@gmail.com', '087864562253', '2025-02-19 02:23:15', '$2y$12$IyXG4wZvWRK7zD2cv4599.PWCH3s34Q7n0Qk1nB5fMJxav3mRfOPW', NULL, 0, 'profile_251746166847.jpg', 4, NULL, NULL, NULL, NULL, '2025-02-19 02:23:15', '2025-05-12 09:14:57'),
(26, '116621905683717434198', 'Aditia Wahyu Nugraha', 'aditia.nugraha@mhs.unsoed.ac.id', '08987965463', '2025-03-13 13:27:16', '$2y$12$08RWbcvGPtADuUGC/bkCte1QOrQAFymG7IFOXuBUhgsVCCLfpixoS', NULL, 0, NULL, 4, 8, NULL, NULL, NULL, '2025-03-13 13:16:35', '2025-04-24 01:03:00'),
(27, '110053099610157794127', 'IZELLA KAZBIIKA RABBANI RAHARJO 1', 'izella.raharjo@mhs.unsoed.ac.id', NULL, '2025-03-13 13:16:41', NULL, NULL, 0, NULL, 4, NULL, NULL, NULL, NULL, '2025-03-13 13:16:41', '2025-05-08 12:50:59'),
(28, '101853428342179141004', 'HR_Fitrian Salim Purnomo', 'limsaalim15@gmail.com', '081319989037', '2025-05-05 13:46:15', '$2y$12$W/UCHhL6eCbnjAFiIqeW0OQ/4K4Qb3eRFFxbPk6.7.x3MBYxsGYjG', NULL, 0, 'profile_281747038416.png', 4, 5, NULL, NULL, 'FwLi0HoSLUWGDOKRiyb1SWK68bYu0rJCpGUFdXB5X2nGVK91srVSpOJI4gZZ', '2025-03-13 13:17:10', '2025-06-19 14:18:54'),
(29, '102645101313387349056', 'ZAHRA NATASYA AHMADINA', 'zahra.ahmadina@mhs.unsoed.ac.id', '088216709154', '2025-05-02 01:01:43', '$2y$12$JbmPwuZTyIDoSedyhZCnV.Qn4G.GVErYMK8BnqxndUJIR/uOHRmhy', NULL, 50, NULL, 4, 11, NULL, NULL, NULL, '2025-03-13 13:17:33', '2025-06-16 13:52:17'),
(30, '114353549753078040584', 'SD_ADELA VANI FEBRASA', 'adela.febrasa@mhs.unsoed.ac.id', '082134133568', '2025-03-13 13:17:49', '$2y$12$gZguA6ZJ./D9uwRddiLyy.I4eaStdJ2lAIb7OzcFKNvm760fl1O2i', NULL, 0, NULL, 4, 10, NULL, NULL, 'HOqDmlnbfop3dFGBd40tvrkZlfgYnThlbrXUCbyxJpKJ6D4RFU3KiGAHy6wJ', '2025-03-13 13:17:49', '2025-06-11 13:25:33'),
(31, '113665889341363916330', 'Khoirunnisaa', 'khoirunnisaa2506@gmail.com', '08989104590', '2025-03-13 13:23:13', '$2y$12$kfHGX9vScqFwxwdzoTrUyu5sE9zi9NqLgUeZrjV5JQzyf91.jmpCe', NULL, 0, NULL, 4, 8, NULL, NULL, '8YM4WdAI0ERsiYxYomjCF0jfiDEpBS2QW3DKcvFIcsCfNXs0OscXii9zpClf', '2025-03-13 13:23:13', '2025-05-12 08:24:56'),
(32, '100016071949116170359', 'Dimas Kendika', 'dimas.fazrulfalah@mhs.unsoed.ac.id', '083139387792', '2025-03-13 13:23:15', '$2y$12$UxKxQCAT5qUT4iVQdPxZTePiKYb/wr.0tbDu3hsjntQfJ8EM4v3Be', NULL, 0, 'profile_321746165568.jpg', 4, 8, NULL, NULL, NULL, '2025-03-13 13:23:15', '2025-05-02 05:59:34'),
(33, '108657739351788758716', 'AISYAH KINAR MASAYU WIWEKO', 'aisyah.wiweko@mhs.unsoed.ac.id', '08817754542', '2025-03-13 13:23:16', '$2y$12$HW/BBvDwBh9ogDpCaAP8hed87nceLaSYs6LsXGQb6r0NbJIuVhL2u', NULL, 0, NULL, 4, 8, NULL, NULL, NULL, '2025-03-13 13:23:16', '2025-04-23 10:43:09'),
(34, '110987501674571840481', 'Yunan Fs', 'yunanpkl1@gmail.com', NULL, '2025-03-13 13:23:17', NULL, NULL, 0, NULL, NULL, NULL, NULL, NULL, NULL, '2025-03-13 13:23:17', '2025-03-24 12:55:19'),
(35, '100264109587041057314', 'Zainab Feizia', 'zfeiziaa@gmail.com', NULL, '2025-03-13 13:23:21', NULL, NULL, 0, NULL, 4, NULL, NULL, NULL, NULL, '2025-03-13 13:23:21', '2025-03-21 08:58:39'),
(36, '102772810271439334447', 'Mukhammad Dani Ismail', 'mdaniismail05@gmail.com', NULL, '2025-03-13 13:23:22', NULL, NULL, 0, NULL, 4, NULL, NULL, NULL, NULL, '2025-03-13 13:23:22', '2025-03-21 08:58:03'),
(37, '114822158469807617601', 'THALITA FITRI RAMADANI 1', 'thalita.ramadani@mhs.unsoed.ac.id', NULL, '2025-03-13 13:23:25', NULL, NULL, 0, NULL, 4, 6, NULL, NULL, NULL, '2025-03-13 13:23:25', '2025-05-05 15:22:54'),
(38, '101265353138960818567', 'Safinatun Najah', 'safinatunnajah375@gmail.com', NULL, '2025-03-13 13:23:30', NULL, NULL, 0, NULL, 4, 7, NULL, NULL, NULL, '2025-03-13 13:23:30', '2025-04-23 15:58:03'),
(39, '104599944068250463377', 'HR_DIANA EKA SAPUTRI', 'dianaekasaputri538@gmail.com', '088902930494', '2025-03-13 13:23:33', '$2y$12$mq6KHUy8RVkQf9L56Yfy4OaufGAxIknQSdzuW0HKGo5eNDZOBhlSq', NULL, 0, NULL, 4, 5, NULL, NULL, '902K20l3CHHA5fNQhmaASTBnEpsdvCVvGzZZPv8NAFIXte9PD9NbN7m8L2Vu', '2025-03-13 13:23:33', '2025-06-19 14:20:00'),
(40, '106336674726382486815', 'MAULIDYA HASANAH 1', 'maulidya.hasanah@mhs.unsoed.ac.id', NULL, '2025-03-13 13:23:35', NULL, NULL, 0, NULL, 4, NULL, NULL, NULL, NULL, '2025-03-13 13:23:35', '2025-03-21 09:00:49'),
(41, '107229988335864291129', 'MEISYA KUSUMA WARDHANI 1', 'meisya.wardhani@mhs.unsoed.ac.id', NULL, '2025-03-13 13:23:38', NULL, NULL, 0, NULL, 4, 4, NULL, NULL, NULL, '2025-03-13 13:23:38', '2025-04-23 09:27:54'),
(42, '114210676299630059094', 'DA_Sandhy Lintang Satriyo', 'satriyosandhy@gmail.com', NULL, '2025-03-13 13:23:43', NULL, NULL, 0, NULL, 4, NULL, NULL, NULL, NULL, '2025-03-13 13:23:43', '2025-05-04 09:07:03'),
(43, '104301397258918742528', 'ZIHNI AUFAR HIRZI 1', 'zihni.hirzi@mhs.unsoed.ac.id', NULL, '2025-03-13 13:23:46', NULL, NULL, 0, NULL, 4, NULL, NULL, NULL, NULL, '2025-03-13 13:23:46', '2025-05-08 12:50:22'),
(44, '117959872361345083346', 'Chamid Rosid Sarwani', 'chamid.sarwani@mhs.unsoed.ac.id', '088806650001', '2025-04-26 05:17:09', '$2y$12$RvIQhyMDWO7y8/LDIc1ndeZnXxhJQIctfPL7Lcw5/x8LvM3KTdkky', NULL, 0, 'PRF_44_image.webp', 4, 4, NULL, NULL, NULL, '2025-03-13 13:23:46', '2025-06-10 16:53:47'),
(45, '115642540667330563009', 'Hanifatul Adwa', 'hanifatul.adwa@mhs.unsoed.ac.id', '082120120347', '2025-03-21 15:00:18', '$2y$12$aWNbICBwnslJ4ueywopYlelNLWHsFxB8QSnEHuNM.qsb6PiC2/O3y', NULL, 0, NULL, 4, 11, NULL, NULL, NULL, '2025-03-13 13:23:52', '2025-04-24 10:34:31'),
(46, '113106719274766126858', 'NAFISAH SEKAR AYU 1', 'nafisah.ayu@mhs.unsoed.ac.id', NULL, '2025-03-13 13:24:03', NULL, NULL, 0, NULL, NULL, NULL, NULL, NULL, NULL, '2025-03-13 13:24:03', '2025-05-12 08:41:56'),
(47, '114728665097874669750', 'Aisyah Kinar M. W', 'kinar.cute07@gmail.com', NULL, '2025-03-13 13:24:10', NULL, NULL, 0, NULL, 4, NULL, NULL, NULL, NULL, '2025-03-13 13:24:10', '2025-03-24 12:37:56'),
(48, '109637630322780245064', 'Dera Amelia', 'deraamelia15@gmail.com', NULL, '2025-03-13 13:24:15', NULL, NULL, 0, NULL, NULL, NULL, NULL, NULL, NULL, '2025-03-13 13:24:15', '2025-04-28 12:48:50'),
(49, '108767949013038630753', 'Kireina Aliya Zahro', 'kirenaaliyazahra@gmail.com', NULL, '2025-03-13 13:24:15', NULL, NULL, 0, NULL, 4, 7, NULL, NULL, NULL, '2025-03-13 13:24:15', '2025-04-23 15:56:11'),
(50, NULL, 'M. Arif Putra Sadanna', 'm.sadanna@mhs.unsoed.ac.id', '085325717469', '2025-05-12 08:22:54', '$2y$12$YveW7N3pH3IqkoGRQqusE.jh4d25ArFIc9Wg3MZmPDy2MXXBimf6K', NULL, 0, NULL, 4, 7, NULL, NULL, 'cR4KcWQGs9TYWOdWVyRP5nnR2MGy9l4AQss2IdSxugsM7r7LHqkfIJTBlUcH', '2025-03-13 13:24:38', '2025-05-12 08:27:30'),
(51, '112268625943060647561', 'Firman opet', 'firmansetyawan02@gmail.com', '081326647113', '2025-04-26 05:51:03', '$2y$12$UUCOrOCwHE/ahqD54X/cWO6K6m57VQnSyHol7popRWwXLOlQamsLS', NULL, 0, NULL, 4, 4, NULL, NULL, NULL, '2025-03-13 13:24:40', '2025-04-26 05:51:03'),
(52, NULL, 'Nadia Satti Maduma Gultom', 'nadia.gultom@mhs.unsoed.ac.id', '082226371672', '2025-05-02 00:57:20', '$2y$12$u3xNnvRjFgtt.CnPHBWa6.bpwruqIgqnjBdURynFCSW0VQK1/CqfW', NULL, 0, NULL, 4, 7, NULL, NULL, 'E5B0GB6ozSSaVZP5CPN4LHXYZXHbe0ApsLILAzqoQbPjBT4IQuyrK6osh9C9', '2025-03-13 13:24:49', '2025-05-02 00:57:20'),
(53, '115224173859872489027', 'HR_Nafisah Sekar Ayu', 'nafisahayu1@gmail.com', '089503212163', '2025-05-04 15:49:27', '$2y$12$vC.A8OUnjBhOzN.obNJpB.1g6dLPJ3//5oUUf8DAFUKenHJo.O6eK', NULL, 0, NULL, 4, 5, NULL, NULL, NULL, '2025-03-13 13:24:50', '2025-06-19 14:19:57'),
(54, '107059712279235509274', 'SD_Izella kazbiika', 'izellakazbiika12@gmail.com', '082118427880', '2025-04-27 07:03:11', '$2y$12$KOyJxWAJ0FUA2Ia3W6cGluUWFkPEkNjJsLB2aHGWKLth42KNoD0Z6', NULL, 50, 'profile_541746707774.jpg', 4, 10, NULL, NULL, NULL, '2025-03-13 13:24:52', '2025-06-16 13:50:38'),
(55, '105022526204943078306', 'Windi Septiana (active)', 'windi.septiana@mhs.unsoed.ac.id', '088299453787', '2025-03-13 13:35:49', '$2y$12$i0l9QWvGh2wWKTEPCgPbDOrutNHaQn0kd88Z1ynS/jKtgasJNc6sm', NULL, 0, NULL, 4, 9, NULL, NULL, 'ZSEW57UxmjrY4ooys09q8FRuwU0uRntPt2KNLVMABAPZoOenbKfoOu2SW0Oh', '2025-03-13 13:24:56', '2025-05-05 12:49:45'),
(56, '114355308182172003349', 'Marketing_Zainab Feizia', 'zainab.feizia@mhs.unsoed.ac.id', '087889978673', '2025-03-13 13:25:03', '$2y$12$adfPCHA0ueaoTLw8NCH5fe8p/cjbZtZz9TDPXkGP2QMdGL4CT1cli', NULL, 0, NULL, 4, 8, NULL, NULL, '50LMM7PSfYiPZ9dBRXZMXJDRSb5aEl3lh9TZYoVS451hdHcYdGr3k6UDQNTb', '2025-03-13 13:25:03', '2025-06-10 12:46:23'),
(57, '111412180515525629873', 'Thalita', 'thalitafitrir@gmail.com', '081211878890', '2025-04-24 10:32:55', '$2y$12$f006W5cinCt4bQrdQuEWlOQfYzY1iT7uyMDMn2CX.6WM8m5k9Kai6', NULL, 0, NULL, 2, NULL, NULL, NULL, NULL, '2025-03-13 13:25:08', '2025-05-30 12:22:28'),
(58, NULL, 'Adela Vani Febrasa', 'vniisaaaa@gmail.com', '081326405029', '2025-05-04 15:03:26', '$2y$12$oFQTlqbdwgKaipNyEtcj4.Z.x8sHxRFjKdpDqPrGnYDxF6xGJ1k8a', NULL, 0, NULL, 4, NULL, NULL, NULL, 'cSOntSbISd3xgppvfSiKkXAWEfKTcXatn3dFxBrbVsCqRT3ZqzhwhmTwVxws', '2025-03-13 13:25:17', '2025-05-04 15:03:26'),
(59, '111375530114668111871', 'Marketing_Zaizafun Hanifah', 'zaizafun.hanun@mhs.unsoed.ac.id', '085591309811', '2025-03-13 13:25:22', '$2y$12$lXdoWh/bv0GSkdsk4ZoIdembvntgf8vdH/WE2S96Kzhkl0f3H7KLC', NULL, 0, NULL, 4, 8, NULL, NULL, 't05Vfe6M4j4pMXtsBbZG9XdTgsQMffXwnx0RTGhcofw70RriTZMH0YUPZbKh', '2025-03-13 13:25:22', '2025-05-30 13:00:41'),
(60, '107558732667779142673', 'Safinatun Najah', 'safinfina818@gmail.com', '085925533149', '2025-03-13 13:26:28', '$2y$12$kOzVMWjyCzjihMicVl0hY.scvwj2zSemHTu0Wq0PMfEUfUks4n/vu', NULL, 0, NULL, 4, NULL, NULL, NULL, NULL, '2025-03-13 13:25:32', '2025-06-04 12:50:51'),
(61, '105352924413237172237', 'Maulidya Hasanah', 'maulidyahasanah2004@gmail.com', '082213792459', '2025-03-13 13:25:50', '$2y$12$/mTjNAdCRNxdT89r/.viQOhIG4jC3ynd5FI1NozdpEsUfYsdTF70S', NULL, 0, NULL, 2, 6, NULL, NULL, 'NOffElQAiaNINqF9pevHjiIXW8D5Qhmom0I4ejaObyS0R6dHfgaCTLcMpdAM', '2025-03-13 13:25:32', '2025-05-30 12:21:28'),
(62, '102861853304792556738', 'Meisya Kusuma Wardhani', 'msykwrdhni@gmail.com', '087837848481', '2025-04-27 04:22:07', '$2y$12$W7JITwgBV9Q3v79VEUsuA.BYPAzf7uD/tmvhhu2KJ0B6IY01HKNLu', NULL, 0, NULL, 4, NULL, NULL, NULL, 'aukKc4sR60OT0RDY4EtQcgfgaFLgRmNJLg6SxAaiLpcLIOgte7CVuNg9dRN6', '2025-03-13 13:25:37', '2025-04-27 04:22:07'),
(63, '109728683779393237430', 'HANA NAILA RAHMADINA 1', 'hana.rahmadina@mhs.unsoed.ac.id', '085717379709', '2025-03-13 13:26:16', '$2y$12$WCT1MPwCIpTw5Xkg3wdtOu4XFQI7Q..HUGsF76NuQ4nI9DMdo8eqG', NULL, 0, NULL, 4, NULL, NULL, NULL, NULL, '2025-03-13 13:26:16', '2025-04-28 12:21:44'),
(64, '110290677519757953475', 'SD_Zihni Aufar Hirzi', 'zihniaufarhirzi@gmail.com', '085870025042', '2025-04-27 04:21:51', '$2y$12$XXMkdJygfYtVkoiGVFQhluDe.E6bnQBVS9W8.s28GSEpBAupMzNQW', NULL, 0, 'profile_641747038996.jpg', 4, 10, NULL, NULL, NULL, '2025-03-13 13:26:32', '2025-05-12 09:16:13'),
(65, '111257207127694645370', 'SD_Luqman F', 'luqman.firmansyah@mhs.unsoed.ac.id', '081393677497', '2025-03-13 13:27:49', '$2y$12$1yWmW6HOw/bmjGind1j9XOTboB4U45RlYVJ.Tc9dOiBQr4XEpZEim', NULL, 100, 'profile_651747039115.png', 4, 10, NULL, NULL, NULL, '2025-03-13 13:27:49', '2025-06-16 13:51:05'),
(66, '116049429260511951690', 'HR_Yunan Faila Sofi', 'yunan.sofi@mhs.unsoed.ac.id', '085878889004', '2025-03-13 13:28:04', '$2y$12$AIyW6XzPKBGhJZjGE1/WRe.XiSeV0WtBoFs3oPCxehBWwCMWnohAe', NULL, 0, NULL, 4, 5, NULL, NULL, 'gLD9lhCscnkG0aejKtUudrOhZTvwi8GRiUTAkihSkIxSufSkutHUCBSrVe19', '2025-03-13 13:28:04', '2025-06-10 08:47:48'),
(67, '112818563602075734653', 'HR_Mukhammad Dani Ismail', 'mukhammad.ismail@mhs.unsoed.ac.id', '081477009655', '2025-03-13 13:28:54', '$2y$12$CpXSB1HJzno3xx8vGgG1zOVo8L5osM4h0U0gnQhHhJTJpitH7UmkS', NULL, 0, 'PRF_67_image.webp', 4, 5, NULL, NULL, NULL, '2025-03-13 13:28:54', '2025-06-09 09:38:36'),
(68, '103409172996256614834', 'DEWI KUSUMAWATI 1', 'dewi.kusumawati@mhs.unsoed.ac.id', '085774907748', '2025-03-13 13:33:32', '$2y$12$I1gy7IAUcEiS9.ZLkduLyuBrystTTf815L.aEGKofZe.vl4iPqJXG', NULL, 0, NULL, 4, 9, NULL, NULL, NULL, '2025-03-13 13:33:32', '2025-05-03 05:11:23'),
(69, '105108533976787702187', 'SELLYJUAN ALYA ROSALINA 1', 'sellyjuan.rosalina@mhs.unsoed.ac.id', NULL, '2025-03-14 15:49:19', NULL, NULL, 0, NULL, 4, NULL, NULL, NULL, NULL, '2025-03-14 15:49:19', '2025-03-21 09:02:04'),
(70, '105415544477681116881', 'Kendika D', 'kendikad@gmail.com', NULL, '2025-03-14 15:53:08', NULL, NULL, 0, NULL, NULL, NULL, NULL, NULL, NULL, '2025-03-14 15:53:08', '2025-03-14 15:53:08'),
(72, NULL, 'Rani Aviati', 'raniaviati01@gmail.com', '08996956555', '2025-03-21 21:13:11', '$2y$12$Nn/sfZLyW/r4FjOLauf8K.fB/FTn.hjyXe2cwupfXbi.PiAgi17Fa', NULL, 0, NULL, NULL, NULL, NULL, NULL, NULL, '2025-03-21 21:12:07', '2025-03-21 21:37:49'),
(73, '117613663689438256823', 'TIMOTHY ARELLA 1', 'timothy.arella@mhs.unsoed.ac.id', '089626124115', '2025-04-25 13:57:50', '$2y$12$astBJEv5CNyVythiJH9VbOjUTUKM6Psrn0a70bGo0w6vuG5L4rAs2', NULL, 0, NULL, NULL, NULL, NULL, NULL, NULL, '2025-04-21 12:42:15', '2025-04-25 13:57:50'),
(74, '108508112080328768986', 'JUNDI FADHILLAH 1', 'jundi.fadhillah@mhs.unsoed.ac.id', NULL, '2025-04-23 09:15:56', NULL, NULL, 0, NULL, NULL, NULL, NULL, NULL, NULL, '2025-04-23 09:15:56', '2025-04-23 09:15:56'),
(75, NULL, 'Dimas Ken', 'p4r4c05m97@gmail.com', '081234567890', '2025-04-23 10:11:06', '$2y$12$fHi6vf4yDQ9bhhGPOeCH1.GxAkHPapQo.fIkFH5N.OuxHncELoTAO', NULL, 0, NULL, NULL, NULL, NULL, NULL, NULL, '2025-04-23 10:10:15', '2025-04-23 10:11:06'),
(76, '102709655190530792955', 'MUHAMMAD FIRMAN SETIAWAN 1', 'firman.setiawan@mhs.unsoed.ac.id', NULL, '2025-04-23 11:40:56', NULL, NULL, 0, NULL, NULL, NULL, NULL, NULL, NULL, '2025-04-23 11:40:56', '2025-04-23 11:40:56'),
(77, '114714019920151867703', 'Chamid Rosid', 'chamidrosid@gmail.com', NULL, '2025-04-23 11:43:49', NULL, NULL, 0, NULL, NULL, NULL, NULL, NULL, NULL, '2025-04-23 11:43:49', '2025-04-23 11:43:49'),
(78, '110615297305846836554', 'Andien', 'andien.sari@mhs.unsoed.ac.id', '081993273893', '2025-04-23 12:21:36', '$2y$12$TCANcsl.e5kzsHJJufFPr.Tji0CZeVFUx.WUtNHPYakgJzHhwVaG2', NULL, 0, NULL, 2, 6, NULL, NULL, '6OvlUbVB9RVX3yjuYJHXAVP7QNQcN5G8hW4bvMqU4kfgHZXDinGwqqDWQOHk', '2025-04-23 12:20:51', '2025-05-17 12:20:12'),
(79, '101402920309267562419', 'KHOIRUNNISAA\' 1', 'khoirunnisaa@mhs.unsoed.ac.id', NULL, '2025-04-24 09:53:00', NULL, NULL, 0, NULL, NULL, NULL, NULL, NULL, NULL, '2025-04-24 09:53:00', '2025-04-24 09:53:00'),
(80, '108117080071050480738', 'FITRIAN SALIM PURNOMO 1', 'fitrian.purnomo@mhs.unsoed.ac.id', NULL, '2025-04-25 09:20:56', NULL, NULL, 0, NULL, NULL, NULL, NULL, NULL, NULL, '2025-04-25 09:20:56', '2025-04-25 09:20:56'),
(81, '117457491348703929947', 'DIANA EKA SAPUTRI 1', 'diana.saputri@mhs.unsoed.ac.id', '0895377161641', '2025-04-25 09:21:20', '$2y$12$FI.vJWE98GJfqpSgRVZu6.3Z1bglTnweFSMhC2Hck5HqFth3U0ihu', NULL, 0, NULL, NULL, NULL, NULL, NULL, NULL, '2025-04-25 09:21:20', '2025-04-25 09:21:47'),
(82, '118331229474046366604', 'Sandhy Lintang Satriyo', 'sandhy.satriyo@mhs.unsoed.ac.id', '088806159057', '2025-04-27 07:20:31', '$2y$12$1dkJO21a4S14L7Yy93FMYu0.VyPAMlJZR0gEgsJaT/acuAbSRSozW', NULL, 0, NULL, 4, 9, NULL, NULL, NULL, '2025-04-27 07:20:03', '2025-06-10 04:56:14'),
(83, '101777414211465596452', 'Prima Dzaky Hibatulloh', 'primadzakyhibatulloh@gmail.com', NULL, '2025-04-28 07:04:31', NULL, NULL, 0, NULL, NULL, NULL, NULL, NULL, NULL, '2025-04-28 07:04:31', '2025-04-28 07:04:31'),
(84, '109067444152855127232', 'White Day', 'dayw87110@gmail.com', '089618578189', '2025-04-28 07:04:40', '$2y$12$gBmtoSgfbjon4KruT9Nyi.E0jdPL6jk5N1ORKRGW5ys...', NULL, 0, NULL, 4, NULL, NULL, NULL, NULL, '2025-04-28 07:04:40', '2025-04-28 07:06:21'),
(85, '111954354812275658957', 'dera amelia', 'dera.amelia@mhs.unsoed.ac.id', '082137496193', '2025-04-28 12:18:26', '$2y$12$rxXe28u/nVAV86BbMEC3Z.CMGswjuA1.4JhVORH6yoTcylOxmze7O', NULL, 0, 'PRF_85_image.webp', 4, 9, NULL, NULL, 'lQyy4ZOiZOMKwzZnlNpcjIyXAZQNCzR9kcZd3ON3EZh12Dh6puKPjLRQI7sx', '2025-04-28 12:17:26', '2025-05-20 03:55:08'),
(86, '109601492212580247953', 'NOVIAN SALAM PURNOMO 1', 'novian.purnomo@mhs.unsoed.ac.id', NULL, '2025-04-28 12:18:11', NULL, NULL, 0, NULL, NULL, NULL, NULL, NULL, NULL, '2025-04-28 12:18:11', '2025-04-28 12:18:11'),
(87, '101851986876186044208', 'Novian Salam Purnomo', 'noviansalampurnomo@gmail.com', '081218592510', '2025-04-28 12:27:17', '$2y$12$CkUQLtWL2z3zMvRud8iMxunVSW12ZZ57hsDEV1cl8pNbQ4fMX9T8u', NULL, 50, 'PRF_87_image.webp', 4, 9, NULL, NULL, NULL, '2025-04-28 12:27:17', '2025-06-30 15:46:40'),
(88, NULL, 'Gita Sasadhara Insurya', 'gita.insurya@mhs.unsoed.ac.id', '0895424003147', '2025-04-28 12:29:45', '$2y$12$s6DAqlYzPqKkKARJMPtDrOMitIQcIUZfAka6uzMZnjH.KXwpmKbES', NULL, 0, NULL, 4, 9, NULL, NULL, NULL, '2025-04-28 12:29:23', '2025-05-04 09:04:44'),
(89, NULL, 'Amelia', NULL, '082313518967', NULL, NULL, NULL, 0, NULL, NULL, NULL, NULL, NULL, NULL, '2025-05-06 17:23:48', '2025-05-06 17:23:48'),
(90, NULL, 'Nohan', NULL, '085846473573', NULL, NULL, NULL, 0, NULL, NULL, NULL, NULL, NULL, NULL, '2025-05-06 17:25:25', '2025-05-06 17:25:25'),
(96, '110364173935431398005', 'KIREINA ALIYA ZAHRO 1', 'kireina.zahro@mhs.unsoed.ac.id', '089604099951', '2025-05-11 13:44:10', '$2y$12$WDAyAO4HqrcRSDwJW42fNu.ZhuQA3DtBehLf2QmaDC5Mj3jm1TYPa', NULL, 0, NULL, 4, NULL, NULL, NULL, NULL, '2025-05-11 13:44:10', '2025-05-11 14:25:39'),
(99, NULL, 'Chantika', NULL, '087735520228', NULL, NULL, NULL, 0, NULL, NULL, NULL, NULL, NULL, NULL, '2025-05-19 06:07:13', '2025-05-19 06:07:13'),
(101, NULL, 'Anis', NULL, '081320881270', NULL, NULL, NULL, 0, NULL, NULL, NULL, NULL, NULL, NULL, '2025-05-19 06:29:25', '2025-05-19 06:29:25'),
(102, NULL, 'Sarah', NULL, '087877557431', NULL, NULL, NULL, 0, NULL, NULL, NULL, NULL, NULL, NULL, '2025-05-19 06:34:10', '2025-05-19 06:34:10'),
(103, NULL, 'Ridho', NULL, '081292610982', NULL, NULL, NULL, 0, NULL, NULL, NULL, NULL, NULL, NULL, '2025-05-19 06:43:25', '2025-05-19 06:43:25'),
(104, NULL, 'Hanna', NULL, '085229453112', NULL, NULL, NULL, 0, NULL, NULL, NULL, NULL, NULL, NULL, '2025-05-19 06:46:07', '2025-05-19 06:46:07'),
(105, NULL, 'Evi', NULL, '081218955929', NULL, NULL, NULL, 50, NULL, NULL, NULL, NULL, NULL, NULL, '2025-05-19 06:47:11', '2025-06-16 13:41:51'),
(106, NULL, 'Najib', NULL, '085727855258', NULL, NULL, NULL, 0, NULL, NULL, NULL, NULL, NULL, NULL, '2025-05-19 06:52:36', '2025-05-19 06:52:36'),
(107, NULL, 'Salsabila', NULL, '0833891923281', NULL, NULL, NULL, 0, NULL, NULL, NULL, NULL, NULL, NULL, '2025-05-19 06:54:24', '2025-05-19 06:54:24'),
(108, NULL, 'Windi', NULL, '085185024228', NULL, NULL, NULL, 0, NULL, NULL, NULL, NULL, NULL, NULL, '2025-05-19 07:01:20', '2025-05-19 07:01:20'),
(109, '103573929417370075530', 'Nabil Pm', 'nabiln41317@gmail.com', '085600110828', '2025-05-26 06:02:01', '$2y$12$JfuxYbrSbx2bTA6mPaoH0O.ixdrh84UW3TKWGsJN5segQ6HDctdOa', NULL, 0, NULL, 4, NULL, NULL, NULL, '5DJ251hyYsIAoDPe8vL17JwYXwmovRqpu7rOVxBE5jTp4n96z7CCGAyFv1z0', '2025-05-26 06:02:01', '2025-05-26 06:02:57'),
(110, NULL, 'Panca Adi', NULL, '081227504945', NULL, NULL, NULL, 0, NULL, NULL, NULL, NULL, NULL, NULL, '2025-05-29 13:31:50', '2025-05-29 13:31:50'),
(111, NULL, 'Sabrina', NULL, '089668127122', NULL, NULL, NULL, 0, NULL, NULL, NULL, NULL, NULL, NULL, '2025-05-29 13:34:13', '2025-05-29 13:34:13'),
(112, NULL, 'Ghiyats', NULL, '087719577506', NULL, NULL, NULL, 0, NULL, NULL, NULL, NULL, NULL, NULL, '2025-05-29 13:35:26', '2025-05-29 13:35:26'),
(114, NULL, 'Rere', NULL, '082341016360', NULL, NULL, NULL, 0, NULL, NULL, NULL, NULL, NULL, NULL, '2025-05-29 13:39:58', '2025-05-29 13:39:58'),
(115, NULL, 'Yumna', NULL, '085228040400', NULL, NULL, NULL, 0, NULL, NULL, NULL, NULL, NULL, NULL, '2025-05-29 13:45:08', '2025-05-29 13:45:08'),
(116, NULL, 'Ayu Puspa', NULL, '082129472325', NULL, NULL, NULL, 0, NULL, NULL, NULL, NULL, NULL, NULL, '2025-05-29 13:47:22', '2025-05-29 13:47:22'),
(117, '113674838298545344845', 'Aditia Nugraha', 'aditiawahyun3@gmail.com', NULL, '2025-06-04 09:27:59', NULL, NULL, 0, NULL, NULL, NULL, NULL, NULL, NULL, '2025-06-04 09:27:59', '2025-06-04 09:27:59'),
(118, '100812834132226988970', '28_Raia Digna Amanda', 'raiadignaamanda@gmail.com', '085172482711', '2025-06-09 18:02:03', '$2y$12$tN5/z.ly0MJFXI6ZtyFIvOEON0K4DK/OzARhrnExFhn/8b6fqKeT2', NULL, 0, NULL, NULL, NULL, NULL, NULL, NULL, '2025-06-09 18:02:03', '2025-06-09 18:04:12'),
(119, NULL, 'Dimas', 'dknxk97@gmail.com', '0873139387792', '2025-06-11 04:40:46', '$2y$12$RQga/J8faMQtHEyrMb2jduS3qzZV.l940rKSaCuCnykTq8YSGmKBe', NULL, 0, NULL, NULL, NULL, NULL, NULL, NULL, '2025-06-11 04:39:41', '2025-06-11 04:40:46'),
(120, NULL, 'Selma', NULL, '088806844489', NULL, NULL, NULL, 0, NULL, NULL, NULL, NULL, NULL, NULL, '2025-06-16 10:24:37', '2025-06-16 10:24:37'),
(121, NULL, 'Iki', NULL, '082138797848', NULL, NULL, NULL, 0, NULL, NULL, NULL, NULL, NULL, NULL, '2025-06-16 10:25:33', '2025-06-16 10:25:33'),
(123, NULL, 'Ikhwan', NULL, '082123610536', NULL, NULL, NULL, 50, NULL, NULL, NULL, NULL, NULL, NULL, '2025-06-16 13:37:39', '2025-06-16 13:38:17'),
(124, NULL, 'Diah', NULL, '089637885071', NULL, NULL, NULL, 100, NULL, NULL, NULL, NULL, NULL, NULL, '2025-06-16 13:39:11', '2025-06-16 13:39:32'),
(125, NULL, 'Auliana', NULL, '087736918871', NULL, NULL, NULL, 0, NULL, NULL, NULL, NULL, NULL, NULL, '2025-06-16 13:41:06', '2025-06-16 13:41:06'),
(126, NULL, 'Muyas', NULL, '081802923663', NULL, NULL, NULL, 50, NULL, NULL, NULL, NULL, NULL, NULL, '2025-06-16 13:43:05', '2025-06-16 13:43:32'),
(127, NULL, 'Amala', NULL, '081319894437', NULL, NULL, NULL, 0, NULL, NULL, NULL, NULL, NULL, NULL, '2025-06-16 13:44:11', '2025-06-16 13:44:11'),
(131, NULL, 'Aurel', NULL, '082223303831', NULL, NULL, NULL, 50, NULL, NULL, NULL, NULL, NULL, NULL, '2025-06-16 13:49:50', '2025-06-16 13:50:12'),
(132, NULL, 'Cala', NULL, '081220955081', NULL, NULL, NULL, 0, NULL, NULL, NULL, NULL, NULL, NULL, '2025-06-16 13:53:17', '2025-06-16 13:53:17'),
(133, NULL, 'Dita', NULL, '085659753537', NULL, NULL, NULL, 50, NULL, NULL, NULL, NULL, NULL, NULL, '2025-06-16 13:53:50', '2025-06-16 13:54:07'),
(134, NULL, 'Matthew', NULL, '081558499901', NULL, NULL, NULL, 50, NULL, NULL, NULL, NULL, NULL, NULL, '2025-06-16 13:55:29', '2025-06-16 13:55:49'),
(135, NULL, 'Alfen', NULL, '085869236023', NULL, NULL, NULL, 100, NULL, NULL, NULL, NULL, NULL, NULL, '2025-06-16 13:57:49', '2025-06-16 13:58:16'),
(136, NULL, 'Rafi', NULL, '08988813413', NULL, NULL, NULL, 0, NULL, NULL, NULL, NULL, NULL, NULL, '2025-06-16 13:58:37', '2025-06-16 13:58:37'),
(137, NULL, 'Sandi', NULL, '088213616602', NULL, NULL, NULL, 0, NULL, NULL, NULL, NULL, NULL, NULL, '2025-06-16 13:59:58', '2025-06-16 13:59:58'),
(138, NULL, 'Naila', NULL, '088980000693', NULL, NULL, NULL, 0, NULL, NULL, NULL, NULL, NULL, NULL, '2025-06-16 14:01:01', '2025-06-16 14:01:01'),
(139, NULL, 'Alya', NULL, '082138768914', NULL, NULL, NULL, 0, NULL, NULL, NULL, NULL, NULL, NULL, '2025-06-16 14:05:22', '2025-06-16 14:05:22');

-- --------------------------------------------------------

--
-- Table structure for table `voucher`
--

CREATE TABLE `voucher` (
  `id` bigint(20) UNSIGNED NOT NULL,
  `name` varchar(30) NOT NULL,
  `code` varchar(30) DEFAULT NULL,
  `point` int(11) NOT NULL DEFAULT 0,
  `start_date` date NOT NULL,
  `end_date` date NOT NULL,
  `image` varchar(255) DEFAULT NULL,
  `user_quota` int(11) NOT NULL,
  `min_transaction` int(11) NOT NULL DEFAULT 0,
  `discount_type` varchar(30) NOT NULL,
  `discount_price` int(11) NOT NULL DEFAULT 0,
  `discount_percent` int(11) NOT NULL DEFAULT 0,
  `discount_max_price` int(11) NOT NULL DEFAULT 0,
  `operational_id` int(11) NOT NULL DEFAULT 0,
  `deleted_at` timestamp NULL DEFAULT NULL,
  `created_at` timestamp NULL DEFAULT NULL,
  `updated_at` timestamp NULL DEFAULT NULL
) ENGINE=InnoDB DEFAULT CHARSET=utf8mb4 COLLATE=utf8mb4_unicode_ci;

--
-- Dumping data for table `voucher`
--

INSERT INTO `voucher` (`id`, `name`, `code`, `point`, `start_date`, `end_date`, `image`, `user_quota`, `min_transaction`, `discount_type`, `discount_price`, `discount_percent`, `discount_max_price`, `operational_id`, `deleted_at`, `created_at`, `updated_at`) VALUES
(1, 'TestVoucher', 'Test123', 1000, '2025-06-11', '2025-06-11', NULL, 1, 100000, 'price', 0, 0, 0, 3, '2025-06-11 09:51:32', '2025-06-11 09:26:45', '2025-06-11 09:51:32'),
(2, 'Testing', NULL, 10000, '2025-06-11', '2025-06-11', NULL, 10, 10000000, 'price', 0, 0, 0, 3, NULL, '2025-06-11 10:12:42', '2025-06-11 10:12:42'),
(3, 'DISCOUNT Rp 1000!', 'Blaterian3', 100, '2025-06-11', '2025-06-14', 'VCH_3_110625051841.webp', 5, 20000, 'price', 1000, 0, 0, 21, NULL, '2025-06-11 10:18:47', '2025-06-11 10:18:47'),
(4, 'voucher abi', 'VOUCHER 3', 100, '2025-06-11', '2025-06-14', 'VCH_4_110625051934.webp', 5, 20000, 'percent', 1000, 0, 0, 11, NULL, '2025-06-11 10:19:41', '2025-06-11 10:19:41');

--
-- Indexes for dumped tables
--

--
-- Indexes for table `attachment`
--
ALTER TABLE `attachment`
  ADD PRIMARY KEY (`id`);

--
-- Indexes for table `billboard`
--
ALTER TABLE `billboard`
  ADD PRIMARY KEY (`id`);

--
-- Indexes for table `blaterian_food_balance`
--
ALTER TABLE `blaterian_food_balance`
  ADD PRIMARY KEY (`id`);

--
-- Indexes for table `blaterian_good_balance`
--
ALTER TABLE `blaterian_good_balance`
  ADD PRIMARY KEY (`id`);

--
-- Indexes for table `budget_item`
--
ALTER TABLE `budget_item`
  ADD PRIMARY KEY (`id`);

--
-- Indexes for table `cache`
--
ALTER TABLE `cache`
  ADD PRIMARY KEY (`key`);

--
-- Indexes for table `cache_locks`
--
ALTER TABLE `cache_locks`
  ADD PRIMARY KEY (`key`);

--
-- Indexes for table `cash_in_item`
--
ALTER TABLE `cash_in_item`
  ADD PRIMARY KEY (`id`);

--
-- Indexes for table `contribution`
--
ALTER TABLE `contribution`
  ADD PRIMARY KEY (`id`);

--
-- Indexes for table `contribution_configuration`
--
ALTER TABLE `contribution_configuration`
  ADD PRIMARY KEY (`id`);

--
-- Indexes for table `contribution_receipt`
--
ALTER TABLE `contribution_receipt`
  ADD PRIMARY KEY (`id`);

--
-- Indexes for table `customer_feedback`
--
ALTER TABLE `customer_feedback`
  ADD PRIMARY KEY (`id`);

--
-- Indexes for table `department`
--
ALTER TABLE `department`
  ADD PRIMARY KEY (`id`);

--
-- Indexes for table `disbursement_item`
--
ALTER TABLE `disbursement_item`
  ADD PRIMARY KEY (`id`);

--
-- Indexes for table `disbursement_letter`
--
ALTER TABLE `disbursement_letter`
  ADD PRIMARY KEY (`id`);

--
-- Indexes for table `expense_item`
--
ALTER TABLE `expense_item`
  ADD PRIMARY KEY (`id`);

--
-- Indexes for table `foods_expense`
--
ALTER TABLE `foods_expense`
  ADD PRIMARY KEY (`id`);

--
-- Indexes for table `foods_income`
--
ALTER TABLE `foods_income`
  ADD PRIMARY KEY (`id`);

--
-- Indexes for table `foods_menu`
--
ALTER TABLE `foods_menu`
  ADD PRIMARY KEY (`id`);

--
-- Indexes for table `foods_order`
--
ALTER TABLE `foods_order`
  ADD PRIMARY KEY (`id`);

--
-- Indexes for table `food_tag`
--
ALTER TABLE `food_tag`
  ADD PRIMARY KEY (`id`);

--
-- Indexes for table `general_contact`
--
ALTER TABLE `general_contact`
  ADD PRIMARY KEY (`id`),
  ADD UNIQUE KEY `general_contact_title_unique` (`title`),
  ADD UNIQUE KEY `general_contact_name_unique` (`name`),
  ADD UNIQUE KEY `general_contact_phone_unique` (`phone`);

--
-- Indexes for table `goods_capital`
--
ALTER TABLE `goods_capital`
  ADD PRIMARY KEY (`id`);

--
-- Indexes for table `goods_expense`
--
ALTER TABLE `goods_expense`
  ADD PRIMARY KEY (`id`);

--
-- Indexes for table `goods_income`
--
ALTER TABLE `goods_income`
  ADD PRIMARY KEY (`id`);

--
-- Indexes for table `goods_order`
--
ALTER TABLE `goods_order`
  ADD PRIMARY KEY (`id`);

--
-- Indexes for table `goods_product`
--
ALTER TABLE `goods_product`
  ADD PRIMARY KEY (`id`);

--
-- Indexes for table `goods_sale`
--
ALTER TABLE `goods_sale`
  ADD PRIMARY KEY (`id`);

--
-- Indexes for table `like`
--
ALTER TABLE `like`
  ADD PRIMARY KEY (`id`);

--
-- Indexes for table `logbook`
--
ALTER TABLE `logbook`
  ADD PRIMARY KEY (`id`);

--
-- Indexes for table `migrations`
--
ALTER TABLE `migrations`
  ADD PRIMARY KEY (`id`);

--
-- Indexes for table `password_reset_tokens`
--
ALTER TABLE `password_reset_tokens`
  ADD PRIMARY KEY (`email`);

--
-- Indexes for table `payment_method`
--
ALTER TABLE `payment_method`
  ADD PRIMARY KEY (`id`);

--
-- Indexes for table `payroll_balance`
--
ALTER TABLE `payroll_balance`
  ADD PRIMARY KEY (`id`);

--
-- Indexes for table `payroll_level`
--
ALTER TABLE `payroll_level`
  ADD PRIMARY KEY (`id`);

--
-- Indexes for table `post`
--
ALTER TABLE `post`
  ADD PRIMARY KEY (`id`);

--
-- Indexes for table `product_image`
--
ALTER TABLE `product_image`
  ADD PRIMARY KEY (`id`);

--
-- Indexes for table `product_variant`
--
ALTER TABLE `product_variant`
  ADD PRIMARY KEY (`id`);

--
-- Indexes for table `program`
--
ALTER TABLE `program`
  ADD PRIMARY KEY (`id`);

--
-- Indexes for table `program_staff`
--
ALTER TABLE `program_staff`
  ADD PRIMARY KEY (`id`);

--
-- Indexes for table `roles`
--
ALTER TABLE `roles`
  ADD PRIMARY KEY (`id`);

--
-- Indexes for table `sales`
--
ALTER TABLE `sales`
  ADD PRIMARY KEY (`id`);

--
-- Indexes for table `sessions`
--
ALTER TABLE `sessions`
  ADD PRIMARY KEY (`id`),
  ADD KEY `sessions_user_id_index` (`user_id`),
  ADD KEY `sessions_last_activity_index` (`last_activity`);

--
-- Indexes for table `stand`
--
ALTER TABLE `stand`
  ADD PRIMARY KEY (`id`);

--
-- Indexes for table `stand_expense_item`
--
ALTER TABLE `stand_expense_item`
  ADD PRIMARY KEY (`id`);

--
-- Indexes for table `users`
--
ALTER TABLE `users`
  ADD PRIMARY KEY (`id`),
  ADD UNIQUE KEY `users_email_unique` (`email`),
  ADD UNIQUE KEY `users_phone_unique` (`phone`);

--
-- Indexes for table `voucher`
--
ALTER TABLE `voucher`
  ADD PRIMARY KEY (`id`);

--
-- AUTO_INCREMENT for dumped tables
--

--
-- AUTO_INCREMENT for table `attachment`
--
ALTER TABLE `attachment`
  MODIFY `id` bigint(20) UNSIGNED NOT NULL AUTO_INCREMENT, AUTO_INCREMENT=151;

--
-- AUTO_INCREMENT for table `billboard`
--
ALTER TABLE `billboard`
  MODIFY `id` bigint(20) UNSIGNED NOT NULL AUTO_INCREMENT, AUTO_INCREMENT=4;

--
-- AUTO_INCREMENT for table `blaterian_food_balance`
--
ALTER TABLE `blaterian_food_balance`
  MODIFY `id` bigint(20) UNSIGNED NOT NULL AUTO_INCREMENT, AUTO_INCREMENT=2;

--
-- AUTO_INCREMENT for table `blaterian_good_balance`
--
ALTER TABLE `blaterian_good_balance`
  MODIFY `id` bigint(20) UNSIGNED NOT NULL AUTO_INCREMENT, AUTO_INCREMENT=2;

--
-- AUTO_INCREMENT for table `budget_item`
--
ALTER TABLE `budget_item`
  MODIFY `id` bigint(20) UNSIGNED NOT NULL AUTO_INCREMENT, AUTO_INCREMENT=219;

--
-- AUTO_INCREMENT for table `cash_in_item`
--
ALTER TABLE `cash_in_item`
  MODIFY `id` bigint(20) UNSIGNED NOT NULL AUTO_INCREMENT, AUTO_INCREMENT=3;

--
-- AUTO_INCREMENT for table `contribution`
--
ALTER TABLE `contribution`
  MODIFY `id` bigint(20) UNSIGNED NOT NULL AUTO_INCREMENT, AUTO_INCREMENT=45;

--
-- AUTO_INCREMENT for table `contribution_configuration`
--
ALTER TABLE `contribution_configuration`
  MODIFY `id` bigint(20) UNSIGNED NOT NULL AUTO_INCREMENT, AUTO_INCREMENT=2;

--
-- AUTO_INCREMENT for table `contribution_receipt`
--
ALTER TABLE `contribution_receipt`
  MODIFY `id` bigint(20) UNSIGNED NOT NULL AUTO_INCREMENT, AUTO_INCREMENT=163;

--
-- AUTO_INCREMENT for table `customer_feedback`
--
ALTER TABLE `customer_feedback`
  MODIFY `id` bigint(20) UNSIGNED NOT NULL AUTO_INCREMENT;

--
-- AUTO_INCREMENT for table `department`
--
ALTER TABLE `department`
  MODIFY `id` bigint(20) UNSIGNED NOT NULL AUTO_INCREMENT, AUTO_INCREMENT=17;

--
-- AUTO_INCREMENT for table `disbursement_item`
--
ALTER TABLE `disbursement_item`
  MODIFY `id` bigint(20) UNSIGNED NOT NULL AUTO_INCREMENT, AUTO_INCREMENT=6;

--
-- AUTO_INCREMENT for table `disbursement_letter`
--
ALTER TABLE `disbursement_letter`
  MODIFY `id` bigint(20) UNSIGNED NOT NULL AUTO_INCREMENT, AUTO_INCREMENT=20;

--
-- AUTO_INCREMENT for table `expense_item`
--
ALTER TABLE `expense_item`
  MODIFY `id` bigint(20) UNSIGNED NOT NULL AUTO_INCREMENT, AUTO_INCREMENT=4;

--
-- AUTO_INCREMENT for table `foods_expense`
--
ALTER TABLE `foods_expense`
  MODIFY `id` bigint(20) UNSIGNED NOT NULL AUTO_INCREMENT, AUTO_INCREMENT=21;

--
-- AUTO_INCREMENT for table `foods_income`
--
ALTER TABLE `foods_income`
  MODIFY `id` bigint(20) UNSIGNED NOT NULL AUTO_INCREMENT, AUTO_INCREMENT=22;

--
-- AUTO_INCREMENT for table `foods_menu`
--
ALTER TABLE `foods_menu`
  MODIFY `id` bigint(20) UNSIGNED NOT NULL AUTO_INCREMENT, AUTO_INCREMENT=30;

--
-- AUTO_INCREMENT for table `foods_order`
--
ALTER TABLE `foods_order`
  MODIFY `id` bigint(20) UNSIGNED NOT NULL AUTO_INCREMENT, AUTO_INCREMENT=128;

--
-- AUTO_INCREMENT for table `food_tag`
--
ALTER TABLE `food_tag`
  MODIFY `id` bigint(20) UNSIGNED NOT NULL AUTO_INCREMENT, AUTO_INCREMENT=13;

--
-- AUTO_INCREMENT for table `general_contact`
--
ALTER TABLE `general_contact`
  MODIFY `id` bigint(20) UNSIGNED NOT NULL AUTO_INCREMENT, AUTO_INCREMENT=2;

--
-- AUTO_INCREMENT for table `goods_capital`
--
ALTER TABLE `goods_capital`
  MODIFY `id` bigint(20) UNSIGNED NOT NULL AUTO_INCREMENT, AUTO_INCREMENT=2;

--
-- AUTO_INCREMENT for table `goods_expense`
--
ALTER TABLE `goods_expense`
  MODIFY `id` bigint(20) UNSIGNED NOT NULL AUTO_INCREMENT;

--
-- AUTO_INCREMENT for table `goods_income`
--
ALTER TABLE `goods_income`
  MODIFY `id` bigint(20) UNSIGNED NOT NULL AUTO_INCREMENT, AUTO_INCREMENT=4;

--
-- AUTO_INCREMENT for table `goods_order`
--
ALTER TABLE `goods_order`
  MODIFY `id` bigint(20) UNSIGNED NOT NULL AUTO_INCREMENT, AUTO_INCREMENT=6;

--
-- AUTO_INCREMENT for table `goods_product`
--
ALTER TABLE `goods_product`
  MODIFY `id` bigint(20) UNSIGNED NOT NULL AUTO_INCREMENT, AUTO_INCREMENT=5;

--
-- AUTO_INCREMENT for table `goods_sale`
--
ALTER TABLE `goods_sale`
  MODIFY `id` bigint(20) UNSIGNED NOT NULL AUTO_INCREMENT, AUTO_INCREMENT=5;

--
-- AUTO_INCREMENT for table `like`
--
ALTER TABLE `like`
  MODIFY `id` bigint(20) UNSIGNED NOT NULL AUTO_INCREMENT;

--
-- AUTO_INCREMENT for table `logbook`
--
ALTER TABLE `logbook`
  MODIFY `id` bigint(20) UNSIGNED NOT NULL AUTO_INCREMENT, AUTO_INCREMENT=80;

--
-- AUTO_INCREMENT for table `migrations`
--
ALTER TABLE `migrations`
  MODIFY `id` int(10) UNSIGNED NOT NULL AUTO_INCREMENT, AUTO_INCREMENT=49;

--
-- AUTO_INCREMENT for table `payment_method`
--
ALTER TABLE `payment_method`
  MODIFY `id` bigint(20) UNSIGNED NOT NULL AUTO_INCREMENT, AUTO_INCREMENT=3;

--
-- AUTO_INCREMENT for table `payroll_balance`
--
ALTER TABLE `payroll_balance`
  MODIFY `id` bigint(20) UNSIGNED NOT NULL AUTO_INCREMENT, AUTO_INCREMENT=2;

--
-- AUTO_INCREMENT for table `payroll_level`
--
ALTER TABLE `payroll_level`
  MODIFY `id` bigint(20) UNSIGNED NOT NULL AUTO_INCREMENT, AUTO_INCREMENT=4;

--
-- AUTO_INCREMENT for table `post`
--
ALTER TABLE `post`
  MODIFY `id` bigint(20) UNSIGNED NOT NULL AUTO_INCREMENT, AUTO_INCREMENT=1287;

--
-- AUTO_INCREMENT for table `product_image`
--
ALTER TABLE `product_image`
  MODIFY `id` bigint(20) UNSIGNED NOT NULL AUTO_INCREMENT;

--
-- AUTO_INCREMENT for table `product_variant`
--
ALTER TABLE `product_variant`
  MODIFY `id` bigint(20) UNSIGNED NOT NULL AUTO_INCREMENT, AUTO_INCREMENT=6;

--
-- AUTO_INCREMENT for table `program`
--
ALTER TABLE `program`
  MODIFY `id` bigint(20) UNSIGNED NOT NULL AUTO_INCREMENT, AUTO_INCREMENT=81;

--
-- AUTO_INCREMENT for table `program_staff`
--
ALTER TABLE `program_staff`
  MODIFY `id` bigint(20) UNSIGNED NOT NULL AUTO_INCREMENT, AUTO_INCREMENT=180;

--
-- AUTO_INCREMENT for table `roles`
--
ALTER TABLE `roles`
  MODIFY `id` bigint(20) UNSIGNED NOT NULL AUTO_INCREMENT, AUTO_INCREMENT=5;

--
-- AUTO_INCREMENT for table `sales`
--
ALTER TABLE `sales`
  MODIFY `id` bigint(20) UNSIGNED NOT NULL AUTO_INCREMENT, AUTO_INCREMENT=103;

--
-- AUTO_INCREMENT for table `stand`
--
ALTER TABLE `stand`
  MODIFY `id` bigint(20) UNSIGNED NOT NULL AUTO_INCREMENT, AUTO_INCREMENT=21;

--
-- AUTO_INCREMENT for table `stand_expense_item`
--
ALTER TABLE `stand_expense_item`
  MODIFY `id` bigint(20) UNSIGNED NOT NULL AUTO_INCREMENT, AUTO_INCREMENT=93;

--
-- AUTO_INCREMENT for table `users`
--
ALTER TABLE `users`
  MODIFY `id` bigint(20) UNSIGNED NOT NULL AUTO_INCREMENT, AUTO_INCREMENT=141;

--
-- AUTO_INCREMENT for table `voucher`
--
ALTER TABLE `voucher`
  MODIFY `id` bigint(20) UNSIGNED NOT NULL AUTO_INCREMENT, AUTO_INCREMENT=5;
COMMIT;

/*!40101 SET CHARACTER_SET_CLIENT=@OLD_CHARACTER_SET_CLIENT */;
/*!40101 SET CHARACTER_SET_RESULTS=@OLD_CHARACTER_SET_RESULTS */;
/*!40101 SET COLLATION_CONNECTION=@OLD_COLLATION_CONNECTION */;
